,브랜드,상호,주소,시도,군구,위도,경도
0,스타벅스,역삼아레나빌딩,서울특별시 강남구 언주로 425 (역삼동),서울특별시,강남구,37.501087,127.043069
1,스타벅스,논현역사거리,서울특별시 강남구 강남대로 538 (논현동),서울특별시,강남구,37.510178,127.022223
2,스타벅스,신사역성일빌딩,서울특별시 강남구 강남대로 584 (논현동),서울특별시,강남구,37.5139309,127.0206057
3,스타벅스,국기원사거리,서울특별시 강남구 테헤란로 125 (역삼동),서울특별시,강남구,37.499517,127.031495
4,스타벅스,대치재경빌딩,서울특별시 강남구 남부순환로 2947 (대치동),서울특별시,강남구,37.494668,127.062583
5,스타벅스,봉은사역,서울특별시 강남구 봉은사로 619 (삼성동),서울특별시,강남구,37.515000,127.063196
6,스타벅스,압구정윤성빌딩,서울특별시 강남구 논현로 834 (신사동),서울특별시,강남구,37.5227934,127.0286009
7,스타벅스,코엑스별마당,서울특별시 강남구 영동대로 513 (삼성동),서울특별시,강남구,37.510150,127.060275
8,스타벅스,삼성역섬유센터R,서울특별시 강남구 테헤란로 518 (대치동),서울특별시,강남구,37.507750,127.060651
9,스타벅스,압구정R,서울특별시 강남구 언주로 861 (신사동),서울특별시,강남구,37.5273669,127.033061
10,스타벅스,수서역R,서울특별시 강남구 광평로 281 (수서동),서울특별시,강남구,37.488008,127.102650
11,스타벅스,양재강남빌딩R,서울특별시 강남구 남부순환로 2621 (도곡동),서울특별시,강남구,37.485192,127.036685
12,스타벅스,선릉동신빌딩R,서울특별시 강남구 테헤란로 409 (삼성동),서울특별시,강남구,37.505321,127.050409
13,스타벅스,봉은사로선정릉,서울특별시 강남구 봉은사로 446 (삼성동),서울특별시,강남구,37.51131683405367,127.04846338902248
14,스타벅스,강남오거리,서울특별시 강남구 봉은사로2길 39 (역삼동),서울특별시,강남구,37.502117,127.026672
15,스타벅스,스타필드코엑스몰R,서울특별시 강남구 영동대로 513 (삼성동) 코엑스 A106호,서울특별시,강남구,37.50999,127.061455
16,스타벅스,강남구청정문,서울특별시 강남구 학동로 419 (청담동),서울특별시,강남구,37.518181,127.045995
17,스타벅스,도곡공원,서울특별시 강남구 도곡로 205 (역삼동),서울특별시,강남구,37.492805,127.041309
18,스타벅스,강남R,서울특별시 강남구 강남대로 390 (역삼동),서울특별시,강남구,37.497711,127.028439
19,스타벅스,대치은마사거리,서울특별시 강남구 도곡로 457 (대치동),서울특별시,강남구,37.498973,127.060172
20,스타벅스,청담영동대로,서울특별시 강남구 영동대로 720 (청담동),서울특별시,강남구,37.522156,127.056449
21,스타벅스,압구정,서울특별시 강남구 압구정로30길 17 (신사동),서울특별시,강남구,37.526283,127.02956
22,스타벅스,신사가로수,서울특별시 강남구 가로수길 59 ,서울특별시,강남구,37.521933,127.022521
23,스타벅스,청담스타R,서울특별시 강남구 도산대로57길 24 (청담동),서울특별시,강남구,37.525216,127.041827
24,스타벅스,강남우성,서울특별시 강남구 강남대로 328 (역삼동),서울특별시,강남구,37.492396,127.03091
25,스타벅스,학동사거리,서울특별시 강남구 도산대로 328 (논현동),서울특별시,강남구,37.52236449999999,127.03795430000002
26,스타벅스,대치사거리,서울특별시 강남구 삼성로 402 (대치동),서울특별시,강남구,37.503331,127.058817
27,스타벅스,포스코사거리,서울특별시 강남구 테헤란로 505 (삼성동) 화진빌딩,서울특별시,강남구,37.5075307,127.05742710000004
28,스타벅스,을지병원사거리,"서울특별시 강남구 논현로 752 (논현동,구산빌딩)",서울특별시,강남구,37.5191632,127.0286446
29,스타벅스,신사역,서울특별시 강남구 도산대로 108 (논현동) 렉스타워,서울특별시,강남구,37.5162021,127.0207428
30,스타벅스,도곡역,서울특별시 강남구 남부순환로 2909 (대치동),서울특별시,강남구,37.492167,127.057398
31,스타벅스,서울세관사거리,서울특별시 강남구 언주로 650 (논현동) 한국건설기술인협회,서울특별시,강남구,37.514887,127.035653
32,스타벅스,청담사거리,서울특별시 강남구 도산대로 458 (청담동) 리츠타워,서울특별시,강남구,37.5236351,127.04686509999999
33,스타벅스,한티역,"서울특별시 강남구 도곡로 408, 디마크빌딩 101호 (대치동)",서울특별시,강남구,37.496801,127.055055
34,스타벅스,역삼초교사거리,서울특별시 강남구 역삼로 123 (역삼동),서울특별시,강남구,37.4941059,127.03299730000003
35,스타벅스,코엑스몰,서울특별시 강남구 영동대로 513 (삼성동) O103호,서울특별시,강남구,37.513715,127.059245
36,스타벅스,가로수길,"서울특별시 강남구 논현로175길 94, 1~2층 (신사동)",서울특별시,강남구,37.5231593,127.02162499999997
37,스타벅스,역삼대로,"서울특별시 강남구 테헤란로 211, 한국고등교육재단빌딩 1층 (역삼동)",서울특별시,강남구,37.501623,127.039375
38,스타벅스,역삼포스코,"서울특별시 강남구 테헤란로 134, P&S TOWER (역삼동)",서울특별시,강남구,37.499721,127.033582
39,스타벅스,강남대로,"서울특별시 강남구 강남대로 456, 한석타워 2층 1-2호 (역삼동)",서울특별시,강남구,37.50314,127.025546
40,스타벅스,청담,"서울특별시 강남구 도산대로 532, 인희빌딩 1층 (청담동)",서울특별시,강남구,37.5243631,127.05155990000003
41,스타벅스,삼성도심공항,서울특별시 강남구 테헤란로87길 33 (삼성동),서울특별시,강남구,37.5097863,127.05791339999996
42,스타벅스,삼성교,"서울특별시 강남구 영동대로86길 12, 동남유화빌딩 1층",서울특별시,강남구,37.507794,127.06517
43,스타벅스,학동역,서울특별시 강남구 논현로 704 (논현동),서울특별시,강남구,37.51464884,127.0307302
44,스타벅스,대치,서울특별시 강남구 도곡로 511 (대치동),서울특별시,강남구,37.49966175,127.0622171
45,스타벅스,신세계푸드마켓도곡,"서울특별시 강남구 언주로30길 57, 타워팰리스Ⅱ F 지하1층 (도곡동)",서울특별시,강남구,37.490298,127.054895
46,스타벅스,삼성,"서울특별시 강남구 테헤란로 443, 애플트리타워 1층 (삼성동)",서울특별시,강남구,37.50689645929321,127.05571872453659
47,스타벅스,선릉세화빌딩,서울특별시 강남구 테헤란로64길 18 (대치동) 1층,서울특별시,강남구,37.50377562,127.051196
48,스타벅스,압구정역,"서울특별시 강남구 압구정로 170, 관영빌딩 1층 지하1층 (신사동)",서울특별시,강남구,37.52674095,127.0281105
49,스타벅스,압구정로,서울특별시 강남구 압구정로42길 32 (신사동),서울특별시,강남구,37.52680046,127.0347174
50,스타벅스,구역삼사거리,서울특별시 강남구 논현로 401 (역삼동),서울특별시,강남구,37.49592355,127.0388645
51,스타벅스,큰길타워,"서울특별시 강남구 테헤란로 223, 큰길타워빌딩 (역삼동)",서울특별시,강남구,37.50236693,127.0407
52,스타벅스,강남구청역,"서울특별시 강남구 선릉로 669, 웰빙센터 1층 (논현동)",서울특별시,강남구,37.5165849,127.04124330000002
53,스타벅스,대치역,서울특별시 강남구 남부순환로 2936 (대치동) 107호,서울특별시,강남구,37.493554,127.061874
54,스타벅스,포이,서울특별시 강남구 논현로 88 (개포동),서울특별시,강남구,37.47781106,127.0451411
55,스타벅스,아크플레이스,서울특별시 강남구 테헤란로 142 (역삼동),서울특별시,강남구,37.49971982,127.0349084
56,스타벅스,학여울역,서울특별시 강남구 영동대로 215 (대치동),서울특별시,강남구,37.49803646,127.0684943
57,스타벅스,선정릉역,서울특별시 강남구 봉은사로 407 (삼성동) 에프오빌딩,서울특별시,강남구,37.51075489999999,127.04455970000003
58,스타벅스,삼성현대힐,서울특별시 강남구 삼성로 605 (삼성동),서울특별시,강남구,37.51350444312708,127.05273753314826
59,스타벅스,GS타워,서울특별시 강남구 논현로 508 (역삼동),서울특별시,강남구,37.5018592,127.03727759999992
60,스타벅스,압구정미소,서울특별시 강남구 논현로 841 (신사동),서울특별시,강남구,37.523912710310014,127.02807214378778
61,스타벅스,선릉역,"서울특별시 강남구 테헤란로 334, LG화재 빌딩 (역삼동)",서울특별시,강남구,37.50393894,127.0485135
62,스타벅스,코엑스사거리,서울특별시 강남구 영동대로 616 (삼성동),서울특별시,강남구,37.515351,127.060109
63,스타벅스,역삼럭키,서울특별시 강남구 도곡로 183 (역삼동),서울특별시,강남구,37.492209,127.039389
64,스타벅스,신압구정,서울특별시 강남구 언주로174길 29 (신사동),서울특별시,강남구,37.528115,127.036441
65,스타벅스,아크로힐스논현,"서울특별시 강남구 봉은사로 304, 금강빌딩 1-2층 (역삼동)",서울특별시,강남구,37.509013311862645,127.0403523996554
66,스타벅스,강남비젼타워,"서울특별시 강남구 테헤란로2길 27, 1층 101호 (역삼동)",서울특별시,강남구,37.4964557,127.02968850000002
67,스타벅스,압구정로데오역,"서울특별시 강남구 선릉로 836, 삼원빌딩 1,2층 (청담동)",서울특별시,강남구,37.526549,127.040437
68,스타벅스,르네상스사거리,서울특별시 강남구 테헤란로 306 (역삼동),서울특별시,강남구,37.502721,127.044308
69,스타벅스,포스코,"서울특별시 강남구 삼성로86길 7, 1층 (대치동)",서울특별시,강남구,37.50576457783876,127.05804488086114
70,스타벅스,선릉로,"서울특별시 강남구 선릉로93길 22, 대흥빌딩 1층 (역삼동)",서울특별시,강남구,37.50498118534617,127.0468080752464
71,스타벅스,논현힐탑,서울특별시 강남구 논현로 648 (논현동),서울특별시,강남구,37.51159269029387,127.03219311069766
72,스타벅스,도산가로수길,"서울특별시 강남구 도산대로 134, 2층 (논현동)",서울특별시,강남구,37.51736229999999,127.02329570000006
73,스타벅스,대치한티,서울특별시 강남구 선릉로 324 (대치동),서울특별시,강남구,37.4984818,127.052066
74,스타벅스,개포동,서울특별시 강남구 선릉로 34 (개포동),서울특별시,강남구,37.4828551359882,127.0607152444621
75,스타벅스,수서역사거리,서울특별시 강남구 광평로 280 (수서동),서울특별시,강남구,37.4873267937748,127.103140081887
76,스타벅스,코엑스아셈타워,서울특별시 강남구 영동대로 517 (삼성동),서울특별시,강남구,37.513019,127.059838
77,스타벅스,센터필드R,서울특별시 강남구 테헤란로 231 (역삼동),서울특별시,강남구,37.50369465391196,127.04172081609172
78,스타벅스,도산사거리,서울특별시 강남구 언주로 727 (논현동),서울특별시,강남구,37.51966,127.0341
79,스타벅스,강남세곡,서울특별시 강남구 헌릉로569길 18 (세곡동),서울특별시,강남구,37.467274319644,127.099929726
80,스타벅스,대치삼성,서울특별시 강남구 영동대로 237 (대치동),서울특별시,강남구,37.500313,127.066961
81,스타벅스,언주역,서울특별시 강남구 봉은사로 222 (역삼동),서울특별시,강남구,37.50777565616907,127.0365882862214
82,스타벅스,강남역신분당역사,서울특별시 강남구 강남대로 396 (역삼동),서울특별시,강남구,37.4970572543978,127.028180714381
83,스타벅스,삼성역,서울특별시 강남구 테헤란로 620 (대치동),서울특별시,강남구,37.509206962541256,127.06560851480327
84,스타벅스,테헤란로아남타워,서울특별시 강남구 테헤란로 311 (역삼동),서울특별시,강남구,37.50383,127.04487
85,스타벅스,강남논현,서울특별시 강남구 강남대로 512 (논현동),서울특별시,강남구,37.5078978596254,127.023338614644
86,스타벅스,삼성동,서울특별시 강남구 영동대로96길 12 (삼성동),서울특별시,강남구,37.510843366121534,127.06363342044263
87,스타벅스,청담역,서울특별시 강남구 삼성로 709 (청담동),서울특별시,강남구,37.5194407323478,127.049552661542
88,스타벅스,압구정현대아파트,서울특별시 강남구 논현로175길 38 (신사동),서울특별시,강남구,37.52521971236768,127.0256601858147
89,스타벅스,역삼이마트,서울특별시 강남구 역삼로 310 (역삼동),서울특별시,강남구,37.499367,127.048425
90,스타벅스,강남세곡DT,서울특별시 강남구 헌릉로 727 (세곡동),서울특별시,강남구,37.466993809277,127.118330806807
91,스타벅스,미아뉴타운,서울특별시 강북구 삼양로 161 (미아동),서울특별시,강북구,37.618319,127.021072
92,스타벅스,강북구청사거리,서울특별시 강북구 도봉로 365 (수유동),서울특별시,강북구,37.639987861152015,127.0274331199793
93,스타벅스,미아사거리역,서울특별시 강북구 도봉로 32 (미아동),서울특별시,강북구,37.611809,127.0306971
94,스타벅스,수유역,서울특별시 강북구 도봉로 342 (번동),서울특별시,강북구,37.6380167,127.02613500000007
95,스타벅스,미아역,서울특별시 강북구 도봉로 196 (미아동),서울특별시,강북구,37.626148,127.026578
96,스타벅스,파라스파라서울,서울특별시 강북구 삼양로 689 (우이동) 파라스파라서울 지하1층,서울특별시,강북구,37.66419549576315,127.01040728594249
97,스타벅스,발산역사거리,서울특별시 강서구 공항대로 248 (마곡동),서울특별시,강서구,37.558509,126.835096
98,스타벅스,마곡역,서울특별시 강서구 공항대로 168 (마곡동),서울특별시,강서구,37.559611,126.826298
99,스타벅스,우장산역,서울특별시 강서구 강서로 267 (내발산동),서울특별시,강서구,37.549510038803994,126.83606164803061
100,스타벅스,마곡사이언스타워R,서울특별시 강서구 마곡동로 62 (마곡동),서울특별시,강서구,37.5605261,126.833887
101,스타벅스,방화DT,서울특별시 강서구 방화대로 375 (방화동),서울특별시,강서구,37.574456834773024,126.81648812379821
102,스타벅스,마곡나루역,서울특별시 강서구 마곡중앙로 161-17 (마곡동),서울특별시,강서구,37.56813,126.82614
103,스타벅스,마곡GMG,"서울특별시 강서구 마곡중앙6로 16 (마곡동) 117,118,119,120호",서울특별시,강서구,37.560487,126.829667
104,스타벅스,가양역,서울특별시 강서구 양천로 476 (등촌동),서울특별시,강서구,37.561640,126.853327
105,스타벅스,화곡DT,서울특별시 강서구 등촌로 57 (화곡동),서울특별시,강서구,37.5350107501795,126.86318804786
106,스타벅스,양천향교역,서울특별시 강서구 강서로 463 (마곡동),서울특별시,강서구,37.566964,126.840731
107,스타벅스,화곡동,서울특별시 강서구 화곡로 142(화곡동),서울특별시,강서구,37.540619019726435,126.83738800870792
108,스타벅스,등촌,서울특별시 강서구 공항대로 329 (등촌동),서울특별시,강서구,37.5582043,126.84433919999992
109,스타벅스,염창역,서울특별시 강서구 공항대로 627 (염창동),서울특별시,강서구,37.547359,126.874436
110,스타벅스,발산역,서울특별시 강서구 강서로 388 (등촌동) 그랜드마트,서울특별시,강서구,37.56033,126.839279
111,스타벅스,까치산역,서울특별시 강서구 강서로13길 3 (화곡동),서울특별시,강서구,37.5323235082489,126.84612332664443
112,스타벅스,염창대로,"서울특별시 강서구 양천로 744 (염창동), 101호",서울특별시,강서구,37.5485479128966,126.878259347206
113,스타벅스,발산역5번출구,"서울특별시 강서구 강서로52길 43 (내발산동, DH647), 1층 일부",서울특별시,강서구,37.5579224739977,126.84054030692
114,스타벅스,화곡역8번출구,"서울특별시 강서구 강서로 179 (화곡동), 1층 일부",서울특별시,강서구,37.54227920628,126.839299954553
115,스타벅스,강서우장산,"서울특별시 강서구 강서로 231 (화곡동, 우장산역 해링턴 타워), 116/117/118/119/120호",서울특별시,강서구,37.54661114997271,126.83611326062484
116,스타벅스,등촌대로,"서울특별시 강서구 공항대로 543 (염창동, 센터스퀘어)",서울특별시,강서구,37.55101,126.86638
117,스타벅스,가양역사거리,"서울특별시 강서구 화곡로 416 (등촌동) 가양더스카이벨리5차 지식산업센터 101, 102, 114,~117호",서울특별시,강서구,37.56007,126.855372
118,스타벅스,내발산,"서울특별시 강서구 강서로 323 (내발산동), 101/102호",서울특별시,강서구,37.55467,126.83672
119,스타벅스,마곡웰튼,"서울특별시 강서구 마곡중앙5로 22 (마곡동), 104/105/106호",서울특별시,강서구,37.5671428910102,126.825315150636
120,스타벅스,김포공항DT,서울특별시 강서구 개화동로 517 (방화동),서울특별시,강서구,37.56627942080141,126.8060664470359
121,스타벅스,강서NC,서울특별시 강서구 강서로56길 17 (등촌동),서울특별시,강서구,37.560088,126.840534
122,스타벅스,마곡나루공원,서울특별시 강서구 마곡중앙5로 47 (마곡동),서울특별시,강서구,37.567007,126.822246
123,스타벅스,송정역,"서울특별시 강서구 공항대로 38 (공항동), 1층 일부",서울특별시,강서구,37.56105570786667,126.81150987871888
124,스타벅스,강서구청사거리,서울특별시 강서구 화곡로 350 (화곡동),서울특별시,강서구,37.5549266,126.8523133
125,스타벅스,낙성대역,서울특별시 관악구 남부순환로 1908 (봉천동),서울특별시,관악구,37.477760129939064,126.96114261955485
126,스타벅스,관악서울대입구R,서울특별시 관악구 관악로 158 (봉천동),서울특별시,관악구,37.47932480888598,126.95270199623682
127,스타벅스,신림DT,서울특별시 관악구 남부순환로 1419 (신림동),서울특별시,관악구,37.480935,126.908407
128,스타벅스,서울대역,서울특별시 관악구 남부순환로 1817 (봉천동),서울특별시,관악구,37.48166265091104,126.9520164977362
129,스타벅스,낙성대DT,서울특별시 관악구 남부순환로 1948 (봉천동),서울특별시,관악구,37.476243169019526,126.96511724631266
130,스타벅스,사당,서울특별시 관악구 남부순환로 2082-25,서울특별시,관악구,37.476137,126.980928
131,스타벅스,보라매대교,서울특별시 관악구 보라매로3길 23 (봉천동) 1층,서울특별시,관악구,37.491449,126.925432
132,스타벅스,신림,서울특별시 관악구 신림로 355-1 (신림동),서울특별시,관악구,37.48609493,126.9291602
133,스타벅스,신림타임스트림,서울특별시 관악구 신림로 330 타임스트림 1층,서울특별시,관악구,37.48407101920536,126.93025831103377
134,스타벅스,서울대입구역,서울특별시 관악구 남부순환로 1812 (봉천동),서울특별시,관악구,37.481207389699065,126.95140060487287
135,스타벅스,서울대입구역8번출구,서울특별시 관악구 남부순환로 1831 (봉천동),서울특별시,관악구,37.4812061,126.9536942
136,스타벅스,봉천역,서울특별시 관악구 남부순환로 1730 (봉천동),서울특별시,관악구,37.4820375340064,126.942287792538
137,스타벅스,건국대,서울특별시 광진구 능동로 117 (화양동),서울특별시,광진구,37.5415592,127.0711244
138,스타벅스,어린이대공원역,서울특별시 광진구 능동로 243 (군자동),서울특별시,광진구,37.551946,127.076404
139,스타벅스,아차산역,서울특별시 광진구 천호대로 676 (구의동),서울특별시,광진구,37.550627971861786,127.08996418808603
140,스타벅스,올림픽대교북단,서울특별시 광진구 광나루로 608 (구의동),서울특별시,광진구,37.541129,127.09524
141,스타벅스,구의DT,서울특별시 광진구 광나루로 519 (구의동),서울특별시,광진구,37.54529838924125,127.0871967283424
142,스타벅스,자양사거리,서울특별시 광진구 아차산로 355,서울특별시,광진구,37.5371158,127.0825821
143,스타벅스,군자역,서울특별시 광진구 천호대로 548 (군자동) 중앙빌딩,서울특별시,광진구,37.557039737222325,127.07888067387708
144,스타벅스,광나루,"서울특별시 광진구 아차산로 607, 1,2층 (광장동)",서울특별시,광진구,37.5473711178786,127.106048727555
145,스타벅스,건대스타시티,서울특별시 광진구 아차산로 262 (자양동),서울특별시,광진구,37.538544,127.073009
146,스타벅스,건대입구,서울특별시 광진구 능동로 107 (화양동),서울특별시,광진구,37.5406604,127.07072249999999
147,스타벅스,구의역,서울특별시 광진구 아차산로 373 (구의동),서울특별시,광진구,37.53698,127.084015
148,스타벅스,광장,서울특별시 광진구 아차산로 537-17 (광장동),서울특별시,광진구,37.54261257747251,127.09964053100874
149,스타벅스,건국클래식,서울특별시 광진구 능동로 90 (자양동) 더 클래식500,서울특별시,광진구,37.538466,127.071271
150,스타벅스,건대후문,서울특별시 광진구 능동로 172 (화양동),서울특별시,광진구,37.54603056145237,127.07381934747977
151,스타벅스,중곡역,"서울특별시 광진구 능동로 400 (중곡동) 1층 108,109,110,111,112,118 6개호실",서울특별시,광진구,37.565057005115804,127.08445231025851
152,스타벅스,자양이마트,서울특별시 광진구 아차산로 272 (자양동) 지하1층,서울특별시,광진구,37.537817,127.072597
153,스타벅스,자양역,"서울특별시 광진구 능동로 18 (자양동, 이튼타워리버3차)",서울특별시,광진구,37.532684640479,127.067878503557
154,스타벅스,화양삼거리,서울특별시 광진구 광나루로 374 (화양동),서울특별시,광진구,37.54774853077512,127.07126924540047
155,스타벅스,군자사거리,서울특별시 광진구 천호대로 549 (중곡동) 1층,서울특별시,광진구,37.55769507399991,127.079087912222
156,스타벅스,금천구청역,"서울특별시 금천구 시흥대로73길 67 (시흥동), 엠메디컬타워 1층",서울특별시,금천구,37.45588672536701,126.89568245942294
157,스타벅스,가산에스케이,"서울특별시 금천구 가산디지털1로 171 (가산동), SK V1센터 1층",서울특별시,금천구,37.48082408602027,126.88100079322535
158,스타벅스,독산사거리,서울특별시 금천구 시흥대로 426 (독산동),서울특별시,금천구,37.47158263368701,126.89860551804541
159,스타벅스,금천시흥,서울특별시 금천구 시흥대로 164 (시흥동),서울특별시,금천구,37.44875938266414,126.90323875981919
160,스타벅스,가산디지털단지역,"서울특별시 금천구 벚꽃로 298 (가산동), 대륭포스트타워 6차 1층",서울특별시,금천구,37.48135375445197,126.88358906045958
161,스타벅스,금천독산,서울특별시 금천구 두산로 70 (독산동),서울특별시,금천구,37.46957081,126.89565779
162,스타벅스,가산디지털,"서울특별시 금천구 가산디지털1로 168 (가산동), 우림라이온스밸리 B동 1층",서울특별시,금천구,37.480050688166365,126.88246896653567
163,스타벅스,마리오아울렛,서울특별시 금천구 벚꽃로 266 마리오아울렛3관,서울특별시,금천구,37.47860691180926,126.88484825777416
164,스타벅스,가산브이타워,"서울특별시 금천구 가산디지털1로 128 (가산동), V-TOWER 1층",서울특별시,금천구,37.47700409645337,126.88355058577785
165,스타벅스,가산그레이트,"서울특별시 금천구 디지털로9길 32, 갑을그레이트밸리 1층 (가산동)",서울특별시,금천구,37.47955080325422,126.88727191931528
166,스타벅스,독산역,"서울특별시 금천구 가산디지털1로 16 (가산동), 107-2, 1층",서울특별시,금천구,37.46770966619833,126.88767404102677
167,스타벅스,가산퍼블릭,"서울특별시 금천구 디지털로 178 (가산동), B동 F Park 1층",서울특별시,금천구,37.47574363470601,126.88684803652211
168,스타벅스,가산현대아울렛,"서울특별시 금천구 디지털로10길 9 (가산동), 1층 일부",서울특별시,금천구,37.477680443,126.888840553
169,스타벅스,가산케이에스,"서울특별시 금천구 벚꽃로36길 30 (가산동), 가산KS타워 1층",서울특별시,금천구,37.48089352069766,126.88515566597013
170,스타벅스,월계역,"서울특별시 노원구 초안산로2라길26 월계동(104,105,106호)",서울특별시,노원구,37.661127,127.070846
171,스타벅스,월계트레이더스,서울특별시 노원구 마들로3길 15 (월계동),서울특별시,노원구,37.628005505180184,127.06135422465171
172,스타벅스,상계초교사거리,서울특별시 노원구 노원로 449 (상계동),서울특별시,노원구,37.656776,127.066442
173,스타벅스,공릉DT,서울특별시 노원구 동일로 1015 (공릉동),서울특별시,노원구,37.6206884,127.0743116
174,스타벅스,노원마들역,"서울특별시 노원구 노원로 569 (상계동, 임광아파트)",서울특별시,노원구,37.66096974571308,127.05790201020926
175,스타벅스,공릉역,서울특별시 노원구 동일로 1081 (공릉동),서울특별시,노원구,37.626337,127.072252
176,스타벅스,은행사거리,"서울특별시 노원구 중계로 217, 중흥빌딩 103,203호 (중계동)",서울특별시,노원구,37.65048737,127.0759861
177,스타벅스,노원KT,"서울특별시 노원구 노해로 502, (주)KT 노원사옥 (상계동)",서울특별시,노원구,37.654562,127.063617
178,스타벅스,광운대,서울특별시 노원구 석계로 104 (월계동),서울특별시,노원구,37.6231479,127.06070090000003
179,스타벅스,중계역,"서울특별시 노원구 동일로 1339, 대한빌딩 (상계동)",서울특별시,노원구,37.64817,127.062244
180,스타벅스,노원역,서울특별시 노원구 동일로 1413 (상계동) 1층,서울특별시,노원구,37.654751,127.060034
181,스타벅스,월계이마트,서울특별시 노원구 마들로3길 15 (월계동),서울특별시,노원구,37.626545552275125,127.06203271091593
182,스타벅스,태릉입구역DT,서울특별시 노원구 화랑로 469 (공릉동),서울특별시,노원구,37.61942,127.07932
183,스타벅스,노원상계,서울특별시 노원구 동일로215길 2 (상계동),서울특별시,노원구,37.651535,127.061026
184,스타벅스,창동이마트,서울특별시 도봉구 노해로65길 4 (창동),서울특별시,도봉구,37.651658491435505,127.04686598939148
185,스타벅스,쌍문역,서울특별시 도봉구 도봉로 480 (창동),서울특별시,도봉구,37.648456,127.034783
186,스타벅스,도봉구청,서울특별시 도봉구 마들로 665 (도봉동),서울특별시,도봉구,37.6695034764443,127.04603799266
187,스타벅스,쌍문도봉로,서울특별시 도봉구 도봉로 444 (창동),서울특별시,도봉구,37.6453516,127.0331011
188,스타벅스,도봉로DT,서울특별시 도봉구 도봉로 635 (쌍문동),서울특별시,도봉구,37.6611805929041,127.041630065957
189,스타벅스,방학역,"서울특별시 도봉구 도봉로 684 (방학동)101,102,113,114,115호",서울특별시,도봉구,37.6653125,127.0433125
190,스타벅스,창동역,서울특별시 도봉구 마들로13길 61 (창동),서울특별시,도봉구,37.6545021055909,127.049672533607
191,스타벅스,노량진동,"서울특별시 동작구 노량진로 190 (노량진동, 고려교육타워-어바니엘한강) 101호~105호",서울특별시,동작구,37.513068,126.946537
192,스타벅스,남성역,서울특별시 동작구 사당로 219 (사당동),서울특별시,동작구,37.4841198,126.9725739
193,스타벅스,상도역,서울특별시 동작구 상도로37길 1 (상도1동),서울특별시,동작구,37.5031936,126.9484581
194,스타벅스,보라매공원R,"서울특별시 동작구 보라매로5길 35 (신대방동, 파크스퀘어,보라매현대APT)",서울특별시,동작구,37.49191014040362,126.92354836012281
195,스타벅스,이수자이,서울특별시 동작구 사당로 300 (사당동 이수자이),서울특별시,동작구,37.484414,126.980047
196,스타벅스,노량진역,서울특별시 동작구 노량진로 134 (노량진동),서울특별시,동작구,37.51339,126.940879
197,스타벅스,신대방삼거리역,서울특별시 동작구 상도로 102 (상도동),서울특별시,동작구,37.50034872148687,126.93198758957686
198,스타벅스,중앙대,서울특별시 동작구 흑석로 75-1 (흑석동),서울특별시,동작구,37.506933,126.958125
199,스타벅스,숭실대입구역,서울특별시 동작구 상도로 354 (상도동),서울특별시,동작구,37.4968346,126.95271230000003
200,스타벅스,숭실대,서울특별시 동작구 사당로 4 (상도동),서울특별시,동작구,37.49538073,126.9548891
201,스타벅스,사당역,"서울특별시 동작구 동작대로 21, 양지빌딩 1-3층 (사당동)",서울특별시,동작구,37.47849216,126.9813456
202,스타벅스,서강대프라자,서울특별시 마포구 백범로 35 (신수동),서울특별시,마포구,37.551073,126.943096
203,스타벅스,상암YTN,서울특별시 마포구 상암산로 76 (상암동),서울특별시,마포구,37.579314265546294,126.89221044590168
204,스타벅스,마포용강동,서울특별시 마포구 토정로 295 (용강동),서울특별시,마포구,37.541186,126.942209
205,스타벅스,홍대입구역사거리R,서울특별시 마포구 양화로 125 (서교동),서울특별시,마포구,37.554636,126.92036
206,스타벅스,마포경찰서후문,서울특별시 마포구 마포대로 173-14 (아현동),서울특별시,마포구,37.550800,126.953432
207,스타벅스,공덕,서울특별시 마포구 마포대로 130 (공덕동),서울특별시,마포구,37.545913,126.952956
208,스타벅스,합정폴리스R,"서울특별시 마포구 양화로 45 (서교동, 메세나폴리스)",서울특별시,마포구,37.5509,126.9134
209,스타벅스,홍대공항철도역,서울특별시 마포구 양화로 178 (동교동),서울특별시,마포구,37.557491,126.925146
210,스타벅스,마포염리,서울특별시 마포구 독막로 311 (염리동),서울특별시,마포구,37.543876,126.94768
211,스타벅스,서강광흥창역,서울특별시 마포구 서강로 69 (창전동),서울특별시,마포구,37.549377,126.931661
212,스타벅스,합정,"서울특별시 마포구 월드컵로1길 14 (합정동) 마포한강푸르지오 110, 111, 112-2",서울특별시,마포구,37.54997888236882,126.91254036891405
213,스타벅스,서강대흥역,서울특별시 마포구 백범로 89-5 (대흥동),서울특별시,마포구,37.548178,126.941576
214,스타벅스,서교동사거리,서울특별시 마포구 양화로 105 (서교동),서울특별시,마포구,37.553376,126.918564
215,스타벅스,상암사보이시티,서울특별시 마포구 월드컵북로54길 17 (상암동),서울특별시,마포구,37.581462210224295,126.88878549621795
216,스타벅스,신촌오거리,서울특별시 마포구 신촌로16길 10 (노고산동),서울특별시,마포구,37.555137,126.934694
217,스타벅스,상암디지털큐브,서울특별시 마포구 상암산로 34,서울특별시,마포구,37.57613521806125,126.88892643460335
218,스타벅스,상수역,서울특별시 마포구 독막로 88 (상수동),서울특별시,마포구,37.5474817,126.92321579999998
219,스타벅스,공덕오거리,서울특별시 마포구 마포대로 86 (도화동) 창강빌딩,서울특별시,마포구,37.485093,126.968803
220,스타벅스,서강대,서울특별시 마포구 백범로 23 (신수동),서울특별시,마포구,37.5524584,126.9378262
221,스타벅스,상암MBC,서울특별시 마포구 성암로 267 (상암동),서울특별시,마포구,37.58094223885055,126.89158543354138
222,스타벅스,홍대역,"서울특별시 마포구 양화로 165, 상진빌딩 1층 (동교동)",서울특별시,마포구,37.557175,126.923654
223,스타벅스,동교,"서울특별시 마포구 월드컵북로 22, 영준빌딩 1층 (동교동)",서울특별시,마포구,37.547446,126.942358
224,스타벅스,애오개역,"서울특별시 마포구 마포대로 201, 마포트라팰리스II (아현동)",서울특별시,마포구,37.5523207784261,126.955694482104
225,스타벅스,상암DMC,"서울특별시 마포구 월드컵북로 375, DMC이안오피스텔1단지 102호,202호 (상암동)",서울특별시,마포구,37.57770031657981,126.8909363638002
226,스타벅스,마포일진빌딩,"서울특별시 마포구 마포대로 45, 일진빌딩 1층 (도화동)",서울특별시,마포구,37.54043451,126.9463168
227,스타벅스,마포아크로,서울특별시 마포구 마포대로 68 (도화동) 마포아크로타워,서울특별시,마포구,37.5413348427548,126.948866602054
228,스타벅스,홍대삼거리,서울특별시 마포구 와우산로 64 (상수동),서울특별시,마포구,37.55024764,126.9232823
229,스타벅스,망원역,서울특별시 마포구 월드컵로 74 (서교동),서울특별시,마포구,37.555829,126.910637
230,스타벅스,마포이마트,서울특별시 마포구 백범로 212 (신공덕동) 마포이마트,서울특별시,마포구,37.542421,126.953341
231,스타벅스,합정메세나몰,"서울특별시 마포구 양화로 45 (서교동, 메세나폴리스)",서울특별시,마포구,37.55005846963587,126.91355876250871
232,스타벅스,아현역대로,서울특별시 마포구 신촌로 262 (아현동),서울특별시,마포구,37.557097,126.954834
233,스타벅스,디지털미디어시티역,서울특별시 마포구 성암로 179 (상암동),서울특별시,마포구,37.57614872684475,126.89894785452836
234,스타벅스,홍대역8번출구,서울특별시 마포구 양화로 166 (동교동),서울특별시,마포구,37.556743503599,126.924166543608
235,스타벅스,합정푸르지오,"서울특별시 마포구 월드컵로3길 14 (합정동, 마포 한강 2차 푸르지오)",서울특별시,마포구,37.55094290761422,126.9124826592047
236,스타벅스,홍대동교,서울특별시 마포구 양화로 192 (동교동),서울특별시,마포구,37.5583280533329,126.926246501876
237,스타벅스,망원한강공원,서울특별시 마포구 마포나루길 435 (망원동),서울특별시,마포구,37.55397484916793,126.89592784171348
238,스타벅스,마포구청역,서울특별시 마포구 월드컵로 200 (성산동) 1층 일부,서울특별시,마포구,37.5649569864623,126.902554646241
239,스타벅스,가재울뉴타운,"서울특별시 서대문구 가재울미래로 2 (남가좌동, DMC파크뷰자이2단지별동상가1층)",서울특별시,서대문구,37.57507214454173,126.91635993282007
240,스타벅스,남가좌사거리,"서울특별시 서대문구 거북골로 84 (남가좌동, DMC에코자이104동)",서울특별시,서대문구,37.577386,126.920815
241,스타벅스,신촌역,서울특별시 서대문구 신촌로 73 (창천동),서울특별시,서대문구,37.55625738,126.934653
242,스타벅스,연희동,서울특별시 서대문구 연희로 97 (연희동),서울특별시,서대문구,37.566702,126.930475
243,스타벅스,아현역,"서울특별시 서대문구 신촌로35길 10 (북아현동, e편한세상신촌 4단지)",서울특별시,서대문구,37.558421,126.956349
244,스타벅스,홍제역,서울특별시 서대문구 통일로 451 (홍제동),서울특별시,서대문구,37.588658,126.943864
245,스타벅스,연세백양로,서울특별시 서대문구 연세로 50 (신촌동) 연세대학교,서울특별시,서대문구,37.562874457,126.937440049
246,스타벅스,연희DT,서울특별시 서대문구 연희로 144 (연희동),서울특별시,서대문구,37.5702143,126.9339777
247,스타벅스,경기대,서울특별시 서대문구 충정로 53 (충정로2가),서울특별시,서대문구,37.56367995,126.9646045
248,스타벅스,신촌,서울특별시 서대문구 연세로 10-1 (창천동),서울특별시,서대문구,37.55648577,126.9371155
249,스타벅스,이대R,서울특별시 서대문구 이화여대길 34 (대현동),서울특별시,서대문구,37.55848315,126.9459643
250,스타벅스,연세종합관,"서울특별시 서대문구 연세로 50, 연세세브란스 종합관 (신촌동)",서울특별시,서대문구,37.561468543,126.941119654
251,스타벅스,이대ECC,서울특별시 서대문구 이화여대길 52 (대현동) 이화여자대학교 B415호,서울특별시,서대문구,37.561631,126.94735
252,스타벅스,연대,서울특별시 서대문구 연세로 35 (창천동),서울특별시,서대문구,37.558706,126.936727
253,스타벅스,충정로역,서울특별시 서대문구 충정로 23,서울특별시,서대문구,37.56137,126.963219
254,스타벅스,연대동문,서울특별시 서대문구 성산로 565 (대신동),서울특별시,서대문구,37.56648507,126.9463253
255,스타벅스,신촌명물거리,"서울특별시 서대문구 명물길 24, 1-5층 (창천동)",서울특별시,서대문구,37.557768434,126.938154503
256,스타벅스,충정타워,"서울특별시 서대문구 서소문로 21, 충정타워빌딩 1층 (충정로3가)",서울특별시,서대문구,37.559869,126.964110
257,스타벅스,이대역,서울특별시 서대문구 신촌로 183 (대현동),서울특별시,서대문구,37.5570861,126.9462802
258,스타벅스,북가좌DT,서울특별시 서대문구 응암로 85 (북가좌동),서울특별시,서대문구,37.580758,126.911478
259,스타벅스,현대신촌,서울특별시 서대문구 신촌로 83 (창천동),서울특별시,서대문구,37.5560830579515,126.935844876509
260,스타벅스,방배로,서울특별시 서초구 방배로 52 (방배동),서울특별시,서초구,37.4793434,126.9994968
261,스타벅스,강남교보타워R,서울특별시 서초구 강남대로 465 (서초동),서울특별시,서초구,37.5037107773698,127.024335263404
262,스타벅스,방배다이치빌딩,서울특별시 서초구 방배로 114 (방배동),서울특별시,서초구,37.484329,126.995872
263,스타벅스,센트럴F1,서울특별시 서초구 신반포로 176 (반포동),서울특별시,서초구,37.505148,127.004395
264,스타벅스,서초역이화빌딩,서울특별시 서초구 반포대로21길 3 (서초동),서울특별시,서초구,37.487931,127.009126
265,스타벅스,서초구청,서울특별시 서초구 남부순환로 2557 (서초동),서울특별시,서초구,37.484353839,127.030090489
266,스타벅스,서초우성사거리,서울특별시 서초구 강남대로 343 (서초동),서울특별시,서초구,37.493545,127.02943
267,스타벅스,이수역사거리,"서울특별시 서초구 서초대로 3-4 (방배동, 방배디오슈페리움1)",서울특별시,서초구,37.48585,126.983027
268,스타벅스,강남대로신사,서울특별시 서초구 강남대로 595 (잠원동),서울특별시,서초구,37.51489,127.019469
269,스타벅스,서울고속터미널,서울특별시 서초구 신반포로 194 (반포동),서울특별시,서초구,37.504406,127.005648
270,스타벅스,방배,서울특별시 서초구 방배로 211,서울특별시,서초구,37.491914,126.99049739999998
271,스타벅스,방배카페거리,서울특별시 서초구 방배중앙로 162 (방배동),서울특별시,서초구,37.4934767,126.9865297
272,스타벅스,서초법원,서울특별시 서초구 서초대로 274 (서초동),서울특별시,서초구,37.492970,127.011875
273,스타벅스,청계산입구역,서울특별시 서초구 청계산로 203 (신원동),서울특별시,서초구,37.447323,127.056250
274,스타벅스,사당로데오,서울특별시 서초구 방배천로 5-4(방배동),서울특별시,서초구,37.4772752,126.98216049999996
275,스타벅스,파미에파크R,서울특별시 서초구 사평대로 205 (반포동) CENTRALCITY,서울특별시,서초구,37.5030521,127.004362
276,스타벅스,양재역,서울특별시 서초구 강남대로 202 (양재동) 모산빌딩,서울특별시,서초구,37.482379525,127.036853356
277,스타벅스,논현역,서울특별시 서초구 강남대로 557 (잠원동) 1~2층,서울특별시,서초구,37.5114376142061,127.020548691552
278,스타벅스,이수역,서울특별시 서초구 동작대로 112 (방배동),서울특별시,서초구,37.4864664,126.98274029999993
279,스타벅스,내방역,서울특별시 서초구 방배로 184 (방배동) 대풍빌딩,서울특별시,서초구,37.490004,126.992455
280,스타벅스,서초파라곤,서울특별시 서초구 서초대로74길 29 (서초동) 서초파라곤,서울특별시,서초구,37.4956303142862,127.027093111041
281,스타벅스,서울아트센터,서울특별시 서초구 남부순환로 2395 (서초동) 호경빌딩,서울특별시,서초구,37.480866,127.012368
282,스타벅스,서초중앙로,서울특별시 서초구 서초중앙로 225,서울특별시,서초구,37.501691,127.01152
283,스타벅스,센트럴시티,서울특별시 서초구 신반포로 176 (반포동),서울특별시,서초구,37.504707,127.004459
284,스타벅스,강남삼성타운,서울특별시 서초구 서초대로78길 24 (서초동),서울특별시,서초구,37.49562035,127.0277144
285,스타벅스,방배역,서울특별시 서초구 방배로 84 (방배동),서울특별시,서초구,37.48200755,126.9976438
286,스타벅스,반포역,서울특별시 서초구 신반포로 257 (잠원동) 신반포11차상가,서울특별시,서초구,37.508589,127.011959
287,스타벅스,남부터미널,"서울특별시 서초구 서초중앙로 26, 래미안서초유니빌 1층 101호 (서초동)",서울특별시,서초구,37.48467334,127.0169464
288,스타벅스,뉴코아강남,서울특별시 서초구 잠원로 69 (잠원동) 킴스클럽,서울특별시,서초구,37.51031339,127.0069582
289,스타벅스,강남서초초교,"서울특별시 서초구 서초대로77길 27, 유빌딩 1,2층 (서초동)",서울특별시,서초구,37.5000875,127.02549090000002
290,스타벅스,교대,서울특별시 서초구 서초중앙로 118 (서초동),서울특별시,서초구,37.4923611,127.0142207
291,스타벅스,하이브랜드,"서울특별시 서초구 매헌로 16, 리빙관 101호 (양재동)",서울특별시,서초구,37.46252023465575,127.03666795290289
292,스타벅스,신논현역,서울특별시 서초구 강남대로 483 (반포동) 청호빌딩,서울특별시,서초구,37.50529,127.023636
293,스타벅스,영동2교,"서울특별시 서초구 논현로 139, 대흥빌딩 (양재동)",서울특별시,서초구,37.48203954,127.0425748
294,스타벅스,남부터미널역5번출구,서울특별시 서초구 효령로 274 (서초동),서울특별시,서초구,37.48436736,127.0142192
295,스타벅스,서래마을입구,서울특별시 서초구 서래로 48 (반포동),서울특별시,서초구,37.49925284,126.9984801
296,스타벅스,몬테소리,서울특별시 서초구 강남대로 399 (서초동),서울특별시,서초구,37.4982695,127.026865
297,스타벅스,서초역,서울특별시 서초구 반포대로 118 (서초동),서울특별시,서초구,37.49067495,127.0086118
298,스타벅스,교대법원,서울특별시 서초구 서초중앙로 164 (서초동),서울특별시,서초구,37.496329,127.013336
299,스타벅스,강남GT타워,"서울특별시 서초구 서초대로 411, GT타워 (서초동)",서울특별시,서초구,37.4979079083082,127.026162553761
300,스타벅스,서초동,"서울특별시 서초구 남부순환로339길 64, 현우빌딩 1층 (서초동)",서울특별시,서초구,37.485941,127.021525
301,스타벅스,서울교대,"서울특별시 서초구 서초중앙로 64, 1층 (서초동)",서울특별시,서초구,37.487397,127.015134
302,스타벅스,강남에비뉴,"서울특별시 서초구 서초대로77길 62, 강남역아이파크 B102~B105 (서초동)",서울특별시,서초구,37.5025778098288,127.024105881331
303,스타벅스,반포자이,서울특별시 서초구 잠원로 24 (반포동),서울특별시,서초구,37.507170475349405,127.0099189083483
304,스타벅스,반포원베일리,서울특별시 서초구 반포대로 291 (반포동),서울특별시,서초구,37.504657083267006,126.99903302367885
305,스타벅스,강남역우송빌딩,서울특별시 서초구 서초대로73길 7 (서초동),서울특별시,서초구,37.4981314601413,127.02527908458
306,스타벅스,서이초교사거리,서울특별시 서초구 사임당로 143 (서초동),서울특별시,서초구,37.4918146,127.0252252
307,스타벅스,서울웨이브아트센터,서울특별시 서초구 잠원로 145-35 (잠원동),서울특별시,서초구,37.518807,127.00704
308,스타벅스,길음역,서울특별시 성북구 정릉로 376 (돈암동),서울특별시,성북구,37.602139,127.025271
309,스타벅스,미아이마트,서울특별시 성북구 도봉로 17 (길음동),서울특별시,성북구,37.610678,127.029921
310,스타벅스,종암DT,서울특별시 성북구 종암로 17 (종암동),서울특별시,성북구,37.5919525,127.0360401
311,스타벅스,미아,서울특별시 성북구 동소문로 314 (하월곡동),서울특별시,성북구,37.607581,127.029303
312,스타벅스,성신여대정문,서울특별시 성북구 보문로34길 62 (동선동2가),서울특별시,성북구,37.590910,127.018800
313,스타벅스,종암,서울특별시 성북구 종암로 122 (종암동),서울특별시,성북구,37.601095,127.033847
314,스타벅스,삼선교,서울특별시 성북구 동소문로 10 (동소문동2가),서울특별시,성북구,37.588696,127.00732070000003
315,스타벅스,월곡역,"서울특별시 성북구 화랑로 76, 101-1호 (하월곡동)",서울특별시,성북구,37.601718,127.040446
316,스타벅스,고대,서울특별시 성북구 고려대로24길 51 (안암동5가),서울특별시,성북구,37.58397192,127.0297352
317,스타벅스,현대미아,서울특별시 성북구 동소문로 315 (길음동) 지하1층,서울특별시,성북구,37.60837822,127.0287483
318,스타벅스,성신여대,서울특별시 성북구 동소문로24길 12 (동선동1가),서울특별시,성북구,37.593135,127.018379
319,스타벅스,안암역,서울특별시 성북구 고려대로 102-2 (안암동5가),서울특별시,성북구,37.586319,127.030556
320,스타벅스,한성대입구역,서울특별시 성북구 성북로 11 (성북동1가),서울특별시,성북구,37.589054,127.004839
321,스타벅스,고대안암병원,서울특별시 성북구 고려대로 73 (안암동5가),서울특별시,성북구,37.58687889805418,127.02820333331364
322,스타벅스,장위뉴타운,서울특별시 성북구 장월로38길 4 (장위동),서울특별시,성북구,37.618072316295915,127.05152854027804
323,스타벅스,성신여대입구역,서울특별시 성북구 동소문로 105 (동선동4가),서울특별시,성북구,37.59305,127.0167
324,스타벅스,송파나루역DT,서울특별시 송파구 오금로 142 (송파동),서울특별시,송파구,37.51098709,127.1101186
325,스타벅스,송파헬리오시티,"서울특별시 송파구 송파대로 345 (가락동, 헬리오시티)",서울특별시,송파구,37.4977826892486,127.102851954992
326,스타벅스,잠실시그마타워,서울특별시 송파구 올림픽로 289 (신천동),서울특별시,송파구,37.514567,127.102493
327,스타벅스,문정법원로R,서울특별시 송파구 송파대로 201 (문정동),서울특별시,송파구,37.487356272840365,127.11911981125742
328,스타벅스,송파개롱역,서울특별시 송파구 오금로 420 (가락동),서울특별시,송파구,37.496956,127.13652
329,스타벅스,문정하비오,"서울특별시 송파구 송파대로 111 (문정동, 파크하비오) 204동 104호~107호",서울특별시,송파구,37.48211912934925,127.12354072397868
330,스타벅스,문정역,"서울특별시 송파구 송파대로 167 (문정동)테라타워 B동 137호~139호,204호",서울특별시,송파구,37.48529649766194,127.12227677436003
331,스타벅스,잠실대교남단R,서울특별시 송파구 송파대로 570 타워 730 1층,서울특별시,송파구,37.515511,127.099006
332,스타벅스,송파위례,"서울특별시 송파구 위례광장로 230 (장지동, 위례2차아이파크)",서울특별시,송파구,37.478416,127.143161
333,스타벅스,송파방이DT,서울특별시 송파구 오금로 241 (방이동),서울특별시,송파구,37.506564,127.120495
334,스타벅스,올림픽평화의문,서울특별시 송파구 위례성대로 38 (방이동) 해태그린피아빌라트,서울특별시,송파구,37.5156426,127.11648190000005
335,스타벅스,송파아이파크,서울특별시 송파구 법원로 55 (문정동),서울특별시,송파구,37.47979344097158,127.12242043651424
336,스타벅스,송파사거리,서울특별시 송파구 송파대로 386 (송파동),서울특별시,송파구,37.5022788,127.1103904
337,스타벅스,석촌서호,서울특별시 송파구 석촌호수로 176 (삼전동),서울특별시,송파구,37.5063929,127.0964684
338,스타벅스,문정로데오,서울특별시 송파구 동남로 141 (가락동),서울특별시,송파구,37.491858429761606,127.12623104068281
339,스타벅스,올림픽훼미리,서울특별시 송파구 중대로 68 (문정동),서울특별시,송파구,37.491616375205915,127.11626573028454
340,스타벅스,올림픽공원남문,서울특별시 송파구 위례성대로 102 (방이동),서울특별시,송파구,37.5133,127.123113
341,스타벅스,방이역,"서울특별시 송파구 마천로 53, 1~2층 (오금동)",서울특별시,송파구,37.5084904076542,127.126776485458
342,스타벅스,석촌호수,서울특별시 송파구 석촌호수로 262 (송파동),서울특별시,송파구,37.50957859,127.10532641
343,스타벅스,잠실푸르지오월드,"서울특별시 송파구 올림픽로35가길 9, 잠실푸르지오월드마크 1층 (신천동)",서울특별시,송파구,37.517649,127.103426
344,스타벅스,잠실새내역,서울특별시 송파구 올림픽로 96 (잠실동),서울특별시,송파구,37.511679,127.081062
345,스타벅스,잠실역,"서울특별시 송파구 송파대로 562 (신천동, 웰리스타워,삼성웰리스아파트) 1층,2층",서울특별시,송파구,37.515272,127.099231
346,스타벅스,갤러리아팰리스,"서울특별시 송파구 올림픽로 212, 갤러리아 팰리스 (잠실동)",서울특별시,송파구,37.51108365,127.0938059
347,스타벅스,아시아선수촌,서울특별시 송파구 백제고분로 69 (잠실동),서울특별시,송파구,37.51059,127.079047
348,스타벅스,올림픽아파트,서울특별시 송파구 양재대로 1220 (방이동),서울특별시,송파구,37.515315,127.133237
349,스타벅스,가락본동,서울특별시 송파구 송파대로30길 13 (가락동),서울특별시,송파구,37.494812392616524,127.11883481297143
350,스타벅스,석촌역,"서울특별시 송파구 백제고분로 358, 1층 (석촌동)",서울특별시,송파구,37.5042626,127.10610769999994
351,스타벅스,가락시장역,"서울특별시 송파구 중대로 121, 롯데캐슬 파인힐 1층 (가락동)",서울특별시,송파구,37.49442875605291,127.1217432178345
352,스타벅스,가든파이브,서울특별시 송파구 충민로 10 (문정동) 가든파이브툴,서울특별시,송파구,37.477974676564614,127.12118515527476
353,스타벅스,문정역2번출구,서울특별시 송파구 문정로 1 (문정동),서울특별시,송파구,37.48629340180307,127.12320273731552
354,스타벅스,잠실본동,"서울특별시 송파구 백제고분로 91 (잠실동), 1층",서울특별시,송파구,37.5086445885442,127.07949103207
355,스타벅스,송파NC,서울특별시 송파구 충민로 66 (문정동)  가든파이브라이프 패션관1층,서울특별시,송파구,37.47804418570353,127.12580079741947
356,스타벅스,송파거여역,서울특별시 송파구 오금로 493 (거여동),서울특별시,송파구,37.49360000716603,127.14364544756283
357,스타벅스,몽촌토성역,서울특별시 송파구 위례성대로 6 (방이동),서울특별시,송파구,37.516913,127.113127
358,스타벅스,송파KT,"서울특별시 송파구 잠실로 209 (신천동), 오피스빌딩 1층 2~4호",서울특별시,송파구,37.51389579,127.10700424
359,스타벅스,문정법조타운 한양타워,서울특별시 송파구 법원로11길 12 (문정동),서울특별시,송파구,37.485796586165364,127.11781422446037
360,스타벅스,송파마천사거리DT,서울특별시 송파구 거마로 78 (마천동),서울특별시,송파구,37.499829,127.147672
361,스타벅스,목동파리공원,서울특별시 양천구 목동동로 377 (목동),서울특별시,양천구,37.535336,126.878852
362,스타벅스,등촌역,서울특별시 양천구 공항대로 566 (목동) 1층 2층,서울특별시,양천구,37.548884,126.86807
363,스타벅스,목동행복한,서울특별시 양천구 목동동로 309 (목동),서울특별시,양천구,37.52935595865839,126.87589210780987
364,스타벅스,신정DT,서울특별시 양천구 신월로 341 (신정동),서울특별시,양천구,37.521993,126.858865
365,스타벅스,목동역,서울특별시 양천구 목동로 203 (신정동) 1층일부,서울특별시,양천구,37.526684,126.863986
366,스타벅스,목동오목로,"서울특별시 양천구 오목로 279 (목동) 102,103,104,105호",서울특별시,양천구,37.525923,126.868438
367,스타벅스,목동8단지,서울특별시 양천구 목동서로 299 (신정동),서울특별시,양천구,37.520518,126.868841
368,스타벅스,오목교역,서울특별시 양천구 오목로 354 (목동),서울특별시,양천구,37.523855929257174,126.87644987818643
369,스타벅스,신월IC DT,서울특별시 양천구 남부순환로 430 (신월동),서울특별시,양천구,37.529502437956104,126.83220232277918
370,스타벅스,목동7단지,서울특별시 양천구 목동서로 213 (목동) 세신비젼프라자,서울특별시,양천구,37.528012,126.87053
371,스타벅스,목동5단지,"서울특별시 양천구 목동동로 411, 1동 116호(목동, 부영그린타운3차)",서울특별시,양천구,37.5363856363692,126.88211754815594
372,스타벅스,목동,서울특별시 양천구 목동서로 67 (목동) 우성에펠타운,서울특별시,양천구,37.53638383,126.8785597
373,스타벅스,현대목동,"서울특별시 양천구 목동동로 257 (목동, 현대하이페리온) 지하2층",서울특별시,양천구,37.526848,126.875023
374,스타벅스,목동SBS,"서울특별시 양천구 목동서로 161 (목동), 1/2층 일부",서울특별시,양천구,37.52896162444895,126.87363009594163
375,스타벅스,목동트라팰리스,서울특별시 양천구 오목로 299 (목동),서울특별시,양천구,37.5255,126.8702
376,스타벅스,목동10단지,"서울특별시 양천구 목동서로 401 (신정동, 대림아크로빌), 상가A동 101,101-1호",서울특별시,양천구,37.515425616177,126.859603067999
377,스타벅스,신월동DT,서울특별시 양천구 남부순환로 319 (신월동),서울특별시,양천구,37.5382923530559,126.827101409243
378,스타벅스,타임스퀘어R,서울특별시 영등포구 영중로 15 지하 1층 (영등포동4가),서울특별시,영등포구,37.51755,126.90516
379,스타벅스,샛강역,서울특별시 영등포구 여의대방로 376 (여의도동),서울특별시,영등포구,37.5183551,126.9312716
380,스타벅스,영등포역,서울특별시 영등포구 경인로 870 (영등포동1가),서울특별시,영등포구,37.516999623656375,126.90906664982087
381,스타벅스,당산대로,서울특별시 영등포구 양평로 22 (당산동6가),서울특별시,영등포구,37.533121,126.903804
382,스타벅스,여의도IFC몰(L1)R,서울특별시 영등포구 국제금융로 10 (여의도동)  지하1층 178호,서울특별시,영등포구,37.525386315990104,126.92606524560121
383,스타벅스,여의도KBS R,서울특별시 영등포구 의사당대로 26 (여의도동),서울특별시,영등포구,37.526596,126.918456
384,스타벅스,여의도화재보험,서울특별시 영등포구 국제금융로6길 38 (여의도동),서울특별시,영등포구,37.521345,126.926004
385,스타벅스,국회대로,서울특별시 영등포구 국회대로 786 (여의도동),서울특별시,영등포구,37.53026,126.919549
386,스타벅스,영등포KT,서울특별시 영등포구 영중로 119 (영등포동8가),서울특별시,영등포구,37.526419,126.905314
387,스타벅스,여의도공원R,서울특별시 영등포구 여의공원로 101 (여의도동),서울특별시,영등포구,37.529129532990446,126.92535729471122
388,스타벅스,국회의사당역,서울특별시 영등포구 의사당대로 8 (여의도동),서울특별시,영등포구,37.52805409993459,126.91711953333622
389,스타벅스,여의도역R,서울특별시 영등포구 의사당대로 83 (여의도동) 1층,서울특별시,영등포구,37.522687,126.904554
390,스타벅스,선유동이레빌딩,서울특별시 영등포구 선유동2로 57 (양평제1동) 이레빌딩,서울특별시,영등포구,37.534277678053385,126.89697631969191
391,스타벅스,동여의도,서울특별시 영등포구 국제금융로 86 (여의도동) 롯데캐슬 아이비,서울특별시,영등포구,37.52063015571123,126.93168638298105
392,스타벅스,여의도ABL타워,서울특별시 영등포구 의사당대로 147 (여의도동) 알리안츠타워,서울특별시,영등포구,37.518749,126.92779
393,스타벅스,영등포신길,"서울특별시 영등포구 신길로 137 (신길동) 1,2층",서울특별시,영등포구,37.504566,126.910073
394,스타벅스,문래역,서울특별시 영등포구 당산로 34 (문래동3가),서울특별시,영등포구,37.517446,126.895258
395,스타벅스,당산,서울특별시 영등포구 양평로 64 (당산동6가),서울특별시,영등포구,37.534994324005595,126.90000472153657
396,스타벅스,여의도한양증권,서울특별시 영등포구 국제금융로6길 7 (여의도동) 한양증권,서울특별시,영등포구,37.522538760323,126.92910542451022
397,스타벅스,여의도일신,서울특별시 영등포구 은행로 11 (여의도동) 1층 1부,서울특별시,영등포구,37.52774993247095,126.92027623791678
398,스타벅스,하이테크시티,서울특별시 영등포구 경인로 775 (문래동3가) 에이스하이테크시티,서울특별시,영등포구,37.51445587278118,126.89987943038909
399,스타벅스,여의도,서울특별시 영등포구 국제금융로2길 28 (여의도동),서울특별시,영등포구,37.52403519,126.9245179
400,스타벅스,롯데캐슬여의도,"서울특별시 영등포구 의사당대로 127 (여의도동, 롯데캐슬엠파이어) 1층 104호",서울특별시,영등포구,37.52025214,126.9263678
401,스타벅스,문래동,"서울특별시 영등포구 선유로 64, 대창타운빌 1층 (문래동3가)",서울특별시,영등포구,37.519602,126.889652
402,스타벅스,여의도호성,"서울특별시 영등포구 여의대방로65길 24, 호성빌딩 1층 (여의도동)",서울특별시,영등포구,37.52047101976742,126.92920636135348
403,스타벅스,타임스퀘어B2,"서울특별시 영등포구 영중로 15, 지하2층 (영등포동4가)",서울특별시,영등포구,37.516810409502995,126.90336306740143
404,스타벅스,영등포본동,서울특별시 영등포구 영등포로 254 (영등포동3가),서울특별시,영등포구,37.518713,126.909559
405,스타벅스,타임스퀘어2F,서울특별시 영등포구 영중로 15 지상2층 (영등포동4가),서울특별시,영등포구,37.516922981561166,126.9033120029923
406,스타벅스,여의도의사당,서울특별시 영등포구 국회대로74길 12 (여의도동),서울특별시,영등포구,37.530023,126.92109
407,스타벅스,여의도IFC(1F),서울특별시 영등포구 국제금융로 10 (여의도동),서울특별시,영등포구,37.525273,126.924668
408,스타벅스,여의도교직원공제회,서울특별시 영등포구 여의나루로 50 (여의도동),서울특별시,영등포구,37.52191490479988,126.92558789987339
409,스타벅스,선유도역 1번출구,서울특별시 영등포구 양평로 128 (양평동5가)양평로 128,서울특별시,영등포구,37.538333,126.893612
410,스타벅스,영등포시장역,서울특별시 영등포구 영중로 79 (영등포동7가),서울특별시,영등포구,37.52349264546045,126.90497778447685
411,스타벅스,영등포구청역,서울특별시 영등포구 국회대로 558 ,서울특별시,영등포구,37.52789,126.89608
412,스타벅스,서울양평역,"서울특별시 영등포구 선유서로24길 6 (양평동1가, 영등포 중흥 S-CLASS)",서울특별시,영등포구,37.523128,126.885809
413,스타벅스,영등포시장교차로,서울특별시 영등포구 영중로 45 (영등포동6가),서울특별시,영등포구,37.5204239,126.904446
414,스타벅스,더현대서울(B2)R,서울특별시 영등포구 여의대로 108 (여의도동),서울특별시,영등포구,37.5258834618679,126.928658229468
415,스타벅스,여의도브라이튼,"서울특별시 영등포구 국제금융로 39 (여의도동, 브라이튼 여의도), 1층",서울특별시,영등포구,37.5241006226166,126.929817318958
416,스타벅스,여의도TP타워,서울특별시 영등포구 의사당대로 96 (여의도동),서울특별시,영등포구,37.521624938408046,126.92302031330276
417,스타벅스,당산역사거리,서울특별시 영등포구 양평로 47 (당산동5가),서울특별시,영등포구,37.53409659351415,126.90121370080551
418,스타벅스,신풍역,서울특별시 영등포구 신풍로 23 (신길동),서울특별시,영등포구,37.5003469620528,126.908438384002
419,스타벅스,불광역,서울특별시 은평구 통일로 715 (대조동),서울특별시,은평구,37.609382,126.9303971
420,스타벅스,구파발사거리,서울특별시 은평구 진관3로 21 은평엘크루 101동 105-108호,서울특별시,은평구,37.639617,126.91881
421,스타벅스,연신내역사거리,서울특별시 은평구 통일로 842 (불광동),서울특별시,은평구,37.618773940257306,126.92179889674078
422,스타벅스,연신내,서울특별시 은평구 통일로 867 (갈현동),서울특별시,은평구,37.620266093930596,126.91995950352734
423,스타벅스,구파발역,서울특별시 은평구 진관2로 12,서울특별시,은평구,37.63446,126.918881
424,스타벅스,은평구청입구,서울특별시 은평구 은평로 170 (응암동),서울특별시,은평구,37.601042,126.926789
425,스타벅스,은평이마트,서울특별시 은평구 은평로 111 (응암동),서울특별시,은평구,37.60037923,126.9202735
426,스타벅스,구산역,서울특별시 은평구 연서로 146 (대조동),서울특별시,은평구,37.611745,126.917678
427,스타벅스,불광역8번출구,서울특별시 은평구 통일로 746 (불광동),서울특별시,은평구,37.61199,126.9289
428,스타벅스,수색,서울특별시 은평구 수색로 216 (수색동),서울특별시,은평구,37.58006406944348,126.89956239090266
429,스타벅스,새절역,서울특별시 은평구 증산로 371 (신사동),서울특별시,은평구,37.5894266730207,126.912863456524
430,스타벅스,더북한산,서울특별시 은평구 대서문길 24-11 (진관동),서울특별시,은평구,37.6554576593266,126.947556374345
431,스타벅스,녹번역,"서울특별시 은평구 통일로 636 (녹번동) 110,111,112,113,114,115호",서울특별시,은평구,37.603307621312325,126.93528567756574
432,스타벅스,진관DT,서울특별시 은평구 연서로 645 (진관동),서울특별시,은평구,37.6501787,126.9361968
433,스타벅스,연합뉴스,서울특별시 종로구 율곡로2길 25 (수송동),서울특별시,종로구,37.57462713751161,126.98047541991131
434,스타벅스,혜화역,서울특별시 종로구 대학로12길 4 (동숭동)1~2층,서울특별시,종로구,37.5824779,127.0021850
435,스타벅스,경희궁로,서울특별시 종로구 새문안로3길 15 (당주동),서울특별시,종로구,37.571759,126.972343
436,스타벅스,강북삼성병원,서울특별시 종로구 새문안로 29 (평동),서울특별시,종로구,37.568546,126.967560
437,스타벅스,종로평창동,서울특별시 종로구 평창12길 3 (평창동),서울특별시,종로구,37.60614770769474,126.96736414444056
438,스타벅스,광화문우체국,서울특별시 종로구 종로 6 (서린동),서울특별시,종로구,37.569854,126.978083
439,스타벅스,종로R,서울특별시 종로구 종로 51 (종로2가),서울특별시,종로구,37.5708,126.9834
440,스타벅스,독립문역,서울특별시 종로구 송월길 155 경희궁자이 4단지 1층 팰리스애비뉴 4114~4119호,서울특별시,종로구,37.571432,126.961269
441,스타벅스,정부서울청사R,서울특별시 종로구 새문안로5가길 28 (적선동),서울특별시,종로구,37.574621312530724,126.97367761929035
442,스타벅스,종로구청,서울특별시 종로구 삼봉로 71 (수송동),서울특별시,종로구,37.572498614917706,126.98095141204923
443,스타벅스,북촌로,서울특별시 종로구 북촌로4길 23 (계동),서울특별시,종로구,37.579419015932245,126.98648560012543
444,스타벅스,종로수송,서울특별시 종로구 종로5길 30 (청진동) 1~3층,서울특별시,종로구,37.57165162614545,126.98062335393885
445,스타벅스,새문안로,서울특별시 종로구 새문안로 92 (신문로1가) 광화문오피시아빌딩,서울특별시,종로구,37.56982384802028,126.97522159101487
446,스타벅스,안국,서울특별시 종로구 북촌로 5-1 (재동),서울특별시,종로구,37.577393946851735,126.98576427427058
447,스타벅스,삼청동,서울특별시 종로구 삼청로 111-1 (삼청동),서울특별시,종로구,37.58541226323984,126.98191331140823
448,스타벅스,광화문D타워,서울특별시 종로구 종로3길 17 (청진동) D타워,서울특별시,종로구,37.57049132960646,126.97907003783457
449,스타벅스,적선,"서울특별시 종로구 새문안로5길 55, 노스게이트빌딩 1층 (적선동)",서울특별시,종로구,37.57520431,126.9739361
450,스타벅스,인사,서울특별시 종로구 인사동길 14 (인사동),서울특별시,종로구,37.57220884263517,126.98679819956659
451,스타벅스,광화문,서울특별시 종로구 세종대로 167 (세종로),서울특별시,종로구,37.5712293,126.9762872
452,스타벅스,성대입구,서울특별시 종로구 창경궁로 235 (명륜3가),서울특별시,종로구,37.582892,126.998392
453,스타벅스,스페이스본,서울특별시 종로구 사직로8길 4 (사직동) 광화문 풍림스페이스본,서울특별시,종로구,37.57488602790947,126.96922016718464
454,스타벅스,주얼리시티,서울특별시 종로구 종로 183 (인의동) 효성주얼리시티,서울특별시,종로구,37.5714829206881,126.998666645245
455,스타벅스,종각,서울특별시 종로구 종로 64 (종로2가),서울특별시,종로구,37.57001689280663,126.98450354974083
456,스타벅스,동숭로아트,서울특별시 종로구 동숭길 110 (동숭동),서울특별시,종로구,37.582969,127.003876
457,스타벅스,종로관철,"서울특별시 종로구 종로12길 21, 2층 (관철동)",서울특별시,종로구,37.56913860117361,126.98593280684017
458,스타벅스,경복궁역,"서울특별시 종로구 자하문로4길 6, 1층 (통의동)",서울특별시,종로구,37.5771508,126.97274530000004
459,스타벅스,이마빌딩,서울특별시 종로구 종로1길 42 (수송동),서울특별시,종로구,37.5738637,126.97897149999994
460,스타벅스,마로니에공원,"서울특별시 종로구 대학로 116, 1-2층 (동숭동)",서울특별시,종로구,37.58154296,127.0023412
461,스타벅스,종로3가,"서울특별시 종로구 종로 113-1, 1-4층 (종로3가)",서울특별시,종로구,37.57056485920516,126.99021701586494
462,스타벅스,대학로,"서울특별시 종로구 대학로 57, 홍익대학교 대학로캠퍼스 內 (연건동)",서울특별시,종로구,37.5764916392943,127.001470988378
463,스타벅스,경복궁사거리,"서울특별시 종로구 율곡로 6, B동 101호(중학동, 트윈트리타워)",서울특별시,종로구,37.575615939508076,126.9802374336133
464,스타벅스,종로관수,서울특별시 종로구 삼일대로20길 13 (관수동),서울특별시,종로구,37.56971102439499,126.98863522829857
465,스타벅스,광화문교보문고,서울특별시 종로구 종로 1 (종로1가),서울특별시,종로구,37.571017,126.977937
466,스타벅스,정동,서울특별시 종로구 새문안로 42 (신문로2가),서울특별시,종로구,37.568578,126.970067
467,스타벅스,종로플레이스,서울특별시 종로구 창경궁로 120 (인의동),서울특별시,종로구,37.5731377743929,126.998354975801
468,스타벅스,강북삼성병원1층,서울특별시 종로구 새문안로 29 (평동),서울특별시,종로구,37.568546,126.96756
469,스타벅스,동숭길입구,서울특별시 종로구 대학로 146 (혜화동),서울특별시,종로구,37.584236,127.002014
470,스타벅스,서울대치과병원,서울특별시 종로구 대학로 101 서울대학교 치과병원 신관1층,서울특별시,종로구,37.5774740926489,126.999891434786
471,스타벅스,서대문역,서울특별시 종로구 통일로 134 (평동),서울특별시,종로구,37.56670,126.96629
472,스타벅스,숭례문북창,서울특별시 중구 세종대로12길 12 (남대문로4가),서울특별시,중구,37.561725,126.976838
473,스타벅스,을지로4가역,서울특별시 중구 을지로 170 (을지로4가),서울특별시,중구,37.566682,126.997285
474,스타벅스,동대문두타,서울특별시 중구 장충단로 275 (을지로6가),서울특별시,중구,37.56892512604548,127.00878383484597
475,스타벅스,대한상공회의소R,서울특별시 중구 세종대로 39 (남대문로4가) 1층,서울특별시,중구,37.560938,126.973702
476,스타벅스,국립중앙의료원,서울특별시 중구 을지로 251 (을지로6가),서울특별시,중구,37.5665160,127.0062376
477,스타벅스,동국대,서울특별시 중구 서애로 1길 11,서울특별시,중구,37.561542,126.998437
478,스타벅스,신세계본점5F,서울특별시 중구 소공로 63 (충무로1가),서울특별시,중구,37.560951,126.981134
479,스타벅스,동대문공원,서울특별시 중구 장충단로 229 (광희동1가),서울특별시,중구,37.565133,127.007191
480,스타벅스,을지로국제빌딩,서울특별시 중구 남대문로 109 (다동),서울특별시,중구,37.566952,126.982219
481,스타벅스,동대입구역,서울특별시 중구 장충단로 166 (장충동1가),서울특별시,중구,37.559593,127.006142
482,스타벅스,신당역사거리,서울특별시 중구 다산로 258 (흥인동),서울특별시,중구,37.565807,127.016430
483,스타벅스,연세세브란스,서울특별시 중구 통일로 10 (남대문로5가),서울특별시,중구,37.557207,126.97354
484,스타벅스,회현역,서울특별시 중구 퇴계로 72 (회현동) 리더스뷰남산,서울특별시,중구,37.55947242829924,126.98072554032831
485,스타벅스,을지로경기빌딩,서울특별시 중구 남대문로10길 9 (삼각동) 경기빌딩,서울특별시,중구,37.567074956050845,126.98314586784849
486,스타벅스,을지로2가,서울특별시 중구 삼일대로 358 (을지로2가),서울특별시,중구,37.566347,126.988066
487,스타벅스,신세계본점6F,서울특별시 중구 퇴계로 77 (충무로1가),서울특별시,중구,37.560381,126.980758
488,스타벅스,서울중앙우체국,서울특별시 중구 소공로 70 (충무로 1가) 서울 중앙 우체국,서울특별시,중구,37.561678,126.982117
489,스타벅스,한국프레스센터,서울특별시 중구 세종대로 124 (태평로1가),서울특별시,중구,37.56724756017782,126.9780493948243
490,스타벅스,명동중앙로,서울특별시 중구 명동길 60 (명동 2가),서울특별시,중구,37.5637485,126.9857723
491,스타벅스,약수역,서울특별시 중구 다산로 129 (신당동),서울특별시,중구,37.555437,127.0107253
492,스타벅스,중구저동,서울특별시 중구 수표로 34 (저동2가),서울특별시,중구,37.5643686,126.9903382
493,스타벅스,명동길,서울특별시 중구 명동10길 41,서울특별시,중구,37.5620695,126.9858669
494,스타벅스,서소문로,서울특별시 중구 서소문로 120 (서소문동) 대한빌딩,서울특별시,중구,37.563006,126.974546
495,스타벅스,신당역,"서울특별시 중구 퇴계로 385, 1층 (흥인동)",서울특별시,중구,37.5654033985295,127.014352404697
496,스타벅스,명동메트로,서울특별시 중구 명동9가길 14 (을지로1가) 메트로호텔,서울특별시,중구,37.565118,126.983681
497,스타벅스,숭례문,"서울특별시 중구 세종대로 17, 그레이츠 숭례 1층 (남대문로5가)",서울특별시,중구,37.55874473,126.9730952
498,스타벅스,순화동더샵,"서울특별시 중구 칠패로 27, 1층 (순화동)",서울특별시,중구,37.56015541203125,126.97188596912146
499,스타벅스,대한극장,"서울특별시 중구 퇴계로 212 (필동2가) 1,2층",서울특별시,중구,37.56105065,126.9952735
500,스타벅스,환구단,서울특별시 중구 소공로 112 (소공동),서울특별시,중구,37.56459884548825,126.9792301485792
501,스타벅스,무교동,서울특별시 중구 무교로 21 (무교동) 코오롱빌딩 1층,서울특별시,중구,37.567928021468916,126.9792065857694
502,스타벅스,문화일보,서울특별시 중구 새문안로 22 (충정로1가) 문화일보,서울특별시,중구,37.56712291,126.9686642
503,스타벅스,태평로,"서울특별시 중구 세종대로 72, 대영빌딩 1층 (태평로2가)",서울특별시,중구,37.56248285,126.9767928
504,스타벅스,퍼시픽타워,"서울특별시 중구 세종대로9길 41, 퍼시픽타워 1층 (서소문동)",서울특별시,중구,37.56132157,126.9730264
505,스타벅스,남산단암,"서울특별시 중구 소월로 10, 단암빌딩 (남대문로5가)",서울특별시,중구,37.55853622,126.9754585
506,스타벅스,황학캐슬,서울특별시 중구 청계천로 400 (황학동) 롯데캐슬베네치아,서울특별시,중구,37.57124,127.022905
507,스타벅스,을지로삼화타워,서울특별시 중구 을지로5길 16 (을지로2가) 1층,서울특별시,중구,37.566902,126.984707
508,스타벅스,소공로,"서울특별시 중구 남대문로7길 19, 삼영빌딩 1층 일부 (소공동)",서울특별시,중구,37.5637273,126.98076809999998
509,스타벅스,을지로한국빌딩,"서울특별시 중구 을지로 50, 1층 (을지로 2가)",서울특별시,중구,37.565722,126.98329
510,스타벅스,시청,"서울특별시 중구 을지로 19, 삼성화재삼성빌딩 1층 (을지로1가)",서울특별시,중구,37.56629,126.979808
511,스타벅스,명동역,"서울특별시 중구 퇴계로 101, 건물 전체 (충무로 1가)",서울특별시,중구,37.5608622201549,126.983105390255
512,스타벅스,명동입구,서울특별시 중구 남대문로 68-1 (명동2가),서울특별시,중구,37.563319,126.982242
513,스타벅스,충무로,서울특별시 중구 충무로 3 (필동1가),서울특별시,중구,37.5614959808102,126.992823097196
514,스타벅스,이마트타워,서울특별시 중구 세종대로7길 37 (순화동) 1층,서울특별시,중구,37.5607434636967,126.972528391958
515,스타벅스,동호로,서울특별시 중구 동호로 171 (신당동),서울특별시,중구,37.553478403261,127.011305155237
516,스타벅스,무교로,서울특별시 중구 무교로 15 (무교동),서울특별시,중구,37.56722071682264,126.97907661254083
517,스타벅스,청계크리스탈스퀘어,서울특별시 중구 청계천로 106 (수표동),서울특별시,중구,37.5679,126.98933
518,스타벅스,숭례문SG타워,서울특별시 중구 세종대로 14 (남대문로5가),서울특별시,중구,37.5581293,126.9742637
519,스타벅스,세종대로,서울특별시 중구 세종대로 135-5 (태평로1가),서울특별시,중구,37.568678,126.976493
520,스타벅스,동대문디자인플라자,서울특별시 중구 을지로 281 (을지로7가) 디자인장터,서울특별시,중구,37.56743,127.009758
521,스타벅스,별다방,서울특별시 중구 퇴계로 100 (회현동2가),서울특별시,중구,37.5602013,126.9829327
522,스타벅스,포포인츠명동,서울특별시 중구 삼일대로10길 36 (저동2가),서울특별시,중구,37.5657211,126.9893426
523,스타벅스,명동남산,서울특별시 중구 퇴계로 132 (남산동3가),서울특별시,중구,37.560809,126.986397
524,스타벅스,명일역,서울특별시 강동구 양재대로 1647 (명일동),서울특별시,강동구,37.55255451856903,127.14388583677322
525,스타벅스,강동구청DT,서울특별시 강동구 성내로 32 (성내동),서울특별시,강동구,37.52938776679806,127.12384773690836
526,스타벅스,강동암사DT,서울특별시 강동구 고덕로 43 (암사동),서울특별시,강동구,37.55511597305427,127.12997051029342
527,스타벅스,굽은다리역,"서울특별시 강동구 양재대로 1568 (명일동, 원일타워)",서울특별시,강동구,37.54535430642832,127.14305160130827
528,스타벅스,강동역,"서울특별시 강동구 천호대로 1089 (천호동, 강동 헤르셔)",서울특별시,강동구,37.536047,127.133086
529,스타벅스,둔촌동,서울특별시 강동구 양재대로 1303 (성내동) 평원빌딩,서울특별시,강동구,37.52264171306811,127.13398661016131
530,스타벅스,천호로데오,서울특별시 강동구 천호대로 1037 (천호동),서울특별시,강동구,37.5378069,127.12730940000006
531,스타벅스,천호이마트,서울특별시 강동구 천호대로 1015-14 (천호동) 이마트별관,서울특별시,강동구,37.538984278389535,127.12517047134832
532,스타벅스,길동역,서울특별시 강동구 양재대로 1487 (길동),서울특별시,강동구,37.53870166831661,127.14013947484787
533,스타벅스,상일동,"서울특별시 강동구 상일로10길 36, 1~2층 (상일동)",서울특별시,강동구,37.550948358388766,127.17409536001483
534,스타벅스,천호역,"서울특별시 강동구 천호대로 1012, 태승빌딩 (성내동)",서울특별시,강동구,37.53795191,127.1245793
535,스타벅스,명일이마트,서울특별시 강동구 동남로75길 5 (명일동) 명일이마트별관주차장,서울특별시,강동구,37.55417877236837,127.15613409848525
536,스타벅스,상일동역,"서울특별시 강동구 고덕로 399 (고덕동, 고덕센트럴푸르지오)",서울특별시,강동구,37.55756654027894,127.17076356349716
537,스타벅스,천호사거리,서울특별시 강동구 올림픽로 651 (천호동),서울특별시,강동구,37.539702,127.123542
538,스타벅스,강일역,"서울특별시 강동구 고덕로 429 (강일동), 1층",서울특별시,강동구,37.55747468801038,127.17351070838722
539,스타벅스,올림픽공원북2문,서울특별시 강동구 강동대로 199 (성내동),서울특별시,강동구,37.5241832,127.1286775
540,스타벅스,천호대로길동,서울특별시 강동구 천호대로 1131 거산 유팰리스,서울특별시,강동구,37.534651,127.137210
541,스타벅스,신도림,서울특별시 구로구 경인로 610 (신도림동),서울특별시,구로구,37.505311902,126.883975986
542,스타벅스,구로디지털타워,서울특별시 구로구 디지털로32길 30 (구로동),서울특별시,구로구,37.483472189,126.896856737
543,스타벅스,오류동역,서울특별시 구로구 경인로 216 (오류동),서울특별시,구로구,37.4962155,126.8448614
544,스타벅스,구로디지털로,"서울특별시 구로구 디지털로33길 11, 에이스테크노8차 1층 (구로동)",서울특별시,구로구,37.485699173,126.895991532
545,스타벅스,구로에이스,"서울특별시 구로구 디지털로 285, 에이스트윈타워1차 103호 (구로동)",서울특별시,구로구,37.484233766,126.894560454
546,스타벅스,구로하이엔드,"서울특별시 구로구 디지털로26길 5, 에이스하이엔드타워1차 103호 (구로동)",서울특별시,구로구,37.481618,126.893136
547,스타벅스,현대디큐브2F,서울특별시 구로구 경인로 662 (신도림동),서울특별시,구로구,37.509452982,126.889684147
548,스타벅스,구로호텔,"서울특별시 구로구 디지털로32길 72, 구로호텔 1층 (구로동)",서울특별시,구로구,37.4831293,126.89885909999998
549,스타벅스,현대디큐브B2,서울특별시 구로구 경인로 662 (신도림동),서울특별시,구로구,37.50924828,126.889981345
550,스타벅스,구로고척,서울특별시 구로구 경인로 387 (고척동),서울특별시,구로구,37.49706,126.86315
551,스타벅스,구로NC,서울특별시 구로구 구로중앙로 152 (구로동) 구로NC,서울특별시,구로구,37.501219,126.882798
552,스타벅스,구로오류DT,서울특별시 구로구 서해안로 2233 (오류동),서울특별시,구로구,37.4881292318832,126.834491889841
553,스타벅스,구로구청,"서울특별시 구로구 가마산로 232 (구로동, 스페스큐브), B101호",서울특별시,구로구,37.49395067031256,126.88676120707717
554,스타벅스,고척아이파크,"서울특별시 구로구 경인로43길 49 (고척동, 고척아이파크), 1층 D-101호",서울특별시,구로구,37.49930562934076,126.8582208923581
555,스타벅스,신도림힐스테이트,서울특별시 구로구 경인로 625 (신도림동),서울특별시,구로구,37.506860026202624,126.88463805193277
556,스타벅스,답십리역,서울특별시 동대문구 천호대로 263 (답십리동),서울특별시,동대문구,37.568466,127.051106
557,스타벅스,경희대삼거리,서울특별시 동대문구 회기로 141 (회기동),서울특별시,동대문구,37.591531,127.052017
558,스타벅스,외대정문,서울특별시 동대문구 이문로 93 (이문동),서울특별시,동대문구,37.5953464,127.0590302
559,스타벅스,신설동역,서울특별시 동대문구 왕산로 19 (신설동),서울특별시,동대문구,37.5767228,127.0255446
560,스타벅스,회기역사거리,서울특별시 동대문구 이문로 37 (회기동),서울특별시,동대문구,37.590784,127.056098
561,스타벅스,외대,서울특별시 동대문구 휘경로 12-1 (이문동),서울특별시,동대문구,37.59575188,127.0614002
562,스타벅스,장한평역,서울특별시 동대문구 장한로 10 (장안동),서울특별시,동대문구,37.562337,127.065511
563,스타벅스,경희대,서울특별시 동대문구 경희대로 16-1 (회기동),서울특별시,동대문구,37.5928812,127.05280849999997
564,스타벅스,청량리역롯데캐슬스카이,"서울특별시 동대문구 답십리로 27 (전농동, 청량리역 롯데캐슬 SKY-L65)",서울특별시,동대문구,37.579249267,127.045331071
565,스타벅스,경동1960,서울특별시 동대문구 고산자로36길 3 (제기동),서울특별시,동대문구,37.5796141021494,127.038684963773
566,스타벅스,청량리역사,서울특별시 동대문구 왕산로 214 (전농동) 청량리역사 Connect Place6층,서울특별시,동대문구,37.580565324,127.048564845
567,스타벅스,답십리초교사거리,서울특별시 동대문구 전농로 38 (답십리동),서울특별시,동대문구,37.5682540295405,127.057240883237
568,스타벅스,장안사거리,서울특별시 동대문구 답십리로 267 (장안동),서울특별시,동대문구,37.5727209002351,127.070092668638
569,스타벅스,서울숲역,서울특별시 성동구 왕십리로 50 (성수동1가) 1층,서울특별시,성동구,37.541868967552624,127.04489904228212
570,스타벅스,금호역,서울특별시 성동구 동호로 99 (금호동4가),서울특별시,성동구,37.5479939,127.0153343
571,스타벅스,뚝섬역,서울특별시 성동구 아차산로 42 (성수동1가),서울특별시,성동구,37.546432,127.049042
572,스타벅스,황학사거리,"서울특별시 성동구 왕십리로 410 (하왕십리동, 센트라스)",서울특별시,성동구,37.567644,127.023697
573,스타벅스,성수역,서울특별시 성동구 성수이로 94 (성수동2가),서울특별시,성동구,37.543193,127.056943
574,스타벅스,상왕십리역,서울특별시 성동구 왕십리로 382 (하왕십리동),서울특별시,성동구,37.5651102845783,127.028019796271
575,스타벅스,왕십리역,서울특별시 성동구 왕십리로 326 (도선동),서울특별시,성동구,37.5627541,127.0339072
576,스타벅스,한양대,"서울특별시 성동구 왕십리로 225 (행당동) 1,2층",서울특별시,성동구,37.55726984,127.0421649
577,스타벅스,엔터식스,서울특별시 성동구 왕십리광장로 17 (행당동),서울특별시,성동구,37.56175811,127.0383328
578,스타벅스,신금호역,서울특별시 성동구 금호로 158-1 (금호동1가) 1~5층 전체,서울특별시,성동구,37.5549672,127.0201447
579,스타벅스,왕십리역9번출구,서울특별시 성동구 고산자로 234 (행당동),서울특별시,성동구,37.5605427226347,127.035267332652
580,스타벅스,성수,서울특별시 성동구 아차산로 104 (성수동2가),서울특별시,성동구,37.5444620830457,127.055413311106
581,스타벅스,옥수,서울특별시 성동구 독서당로 202 (옥수동),서울특별시,성동구,37.5430298,127.0133661
582,스타벅스,성수낙낙,서울특별시 성동구 광나루로8길 31 (성수동2가) 성수낙낙 1층 101~107호,서울특별시,성동구,37.547326,127.066367
583,스타벅스,효창공원앞역,"서울특별시 용산구 백범로 313 (효창동, 용산 롯데캐슬 센터포레)",서울특별시,용산구,37.539305,126.963060
584,스타벅스,서울역서부,서울특별시 용산구 만리재로 202 (서계동),서울특별시,용산구,37.555165,126.968446
585,스타벅스,이태원역,서울특별시 용산구 이태원로 188 (이태원동),서울특별시,용산구,37.534273,126.994789
586,스타벅스,한강진역R,서울특별시 용산구 이태원로 252 (한남동),서울특별시,용산구,37.537131,127.00098
587,스타벅스,용산역써밋R,"서울특별시 용산구 한강대로 69 (한강로2가, 용산푸르지오써밋)",서울특별시,용산구,37.527586,126.965401
588,스타벅스,이촌,서울특별시 용산구 이촌로 276 (이촌동),서울특별시,용산구,37.518605,126.977271
589,스타벅스,신용산역,"서울특별시 용산구 한강대로 95 (한강로2가, 래미안용산)",서울특별시,용산구,37.528702,126.966757
590,스타벅스,용산파크타워,"서울특별시 용산구 서빙고로 67 (용산동5가, 파크타워)",서울특별시,용산구,37.523818,126.970389
591,스타벅스,남영동,서울특별시 용산구 한강대로 275 (갈월동),서울특별시,용산구,37.542831,126.972242
592,스타벅스,한남동R,서울특별시 용산구 독서당로 94 (한남동),서울특별시,용산구,37.53485,127.010919
593,스타벅스,서울타워,서울특별시 용산구 남산공원길 105 (용산동2가) YTN서울타워 1층,서울특별시,용산구,37.551102,126.988317
594,스타벅스,서울역동자동,서울특별시 용산구 한강대로 372 (동자동),서울특별시,용산구,37.551752,126.972694
595,스타벅스,순천향입구,서울특별시 용산구 대사관로 67 (한남동),서울특별시,용산구,37.533394,127.00563
596,스타벅스,숙대,서울특별시 용산구 청파로47길 57 (청파동3가),서울특별시,용산구,37.54460479,126.9672252
597,스타벅스,동빙고,서울특별시 용산구 장문로 12 (동빙고동),서울특별시,용산구,37.5289857,126.991782
598,스타벅스,숙대입구역,서울특별시 용산구 한강대로 291 (갈월동),서울특별시,용산구,37.544225782,126.971957017
599,스타벅스,용산아이파크몰,서울특별시 용산구 한강대로23길 55,서울특별시,용산구,37.5289068079414,126.964634547188
600,스타벅스,동부이촌동,서울특별시 용산구 이촌로 198 (이촌동),서울특별시,용산구,37.52111,126.96905
601,스타벅스,숙명여대정문,서울특별시 용산구 청파로47길 100 (청파동2가) 프라임관B1F(로비층),서울특별시,용산구,37.54474797,126.96484196
602,스타벅스,용산해링턴스퀘어,서울특별시 용산구 서빙고로 17 (한강로3가),서울특별시,용산구,37.5265379583476,126.967362090447
603,스타벅스,경리단길,서울특별시 용산구 회나무로 3 (이태원동),서울특별시,용산구,37.53854,126.98737
604,스타벅스,서울역사,서울특별시 용산구 한강대로 405 (동자동) 신-101호,서울특별시,용산구,37.55415699928705,126.97179361292846
605,스타벅스,용산리첸시아,"서울특별시 용산구 백범로 341 (원효로1가, 리첸시아 용산)",서울특별시,용산구,37.538571,126.967409
606,스타벅스,용산전자랜드,서울특별시 용산구 청파로 74 (한강로3가),서울특별시,용산구,37.53286105987034,126.96100091132484
607,스타벅스,상봉,"서울특별시 중랑구 상봉로 131 (상봉동, 상봉 듀오트리스 주상복합)",서울특별시,중랑구,37.597842,127.092509
608,스타벅스,중랑역,서울특별시 중랑구 망우로30길 3 (상봉동),서울특별시,중랑구,37.5930326,127.07473579999998
609,스타벅스,중랑구청,서울특별시 중랑구 신내로 72,서울특별시,중랑구,37.60538908,127.0957558
610,스타벅스,사가정역,서울특별시 중랑구 면목로 310,서울특별시,중랑구,37.579594,127.087966
611,스타벅스,상봉역,서울특별시 중랑구 망우로 307 (상봉동),서울특별시,중랑구,37.59689,127.08647
612,스타벅스,묵동,"서울특별시 중랑구 동일로 952 (묵동, 로프트원 태릉입구역) 1층",서울특별시,중랑구,37.615368,127.076633
613,스타벅스,양원역,서울특별시 중랑구 양원역로10길 3 (망우동),서울특별시,중랑구,37.6066536267232,127.106359790053
614,스타벅스,중화역,서울특별시 중랑구 봉화산로 35 1층,서울특별시,중랑구,37.60170912407773,127.07841136432036
0,이디야,금란망우점,서울 중랑구 망우로 460 (망우동),서울특별시,중랑구,37.6001065609187,127.103136691889
1,이디야,동원사거리점,"서울 중랑구 겸재로 240 (면목동, 행복오피스텔)",서울특별시,중랑구,37.5896269575279,127.094182772191
2,이디야,망우동점,서울 중랑구 망우로 416 (망우동),서울특별시,중랑구,37.5991657770242,127.098351137589
3,이디야,망우중앙점,"서울 중랑구 용마산로115길 109 (망우동, 한일써너스빌리젠시2단지)",서울특별시,중랑구,37.5974674047065,127.09415879594557
4,이디야,망우코레일점,"서울 중랑구 망우로55길 11-10 (상봉동, 망우역)",서울특별시,중랑구,37.5992876153903,127.092756577852
5,이디야,먹골역점,서울 중랑구 동일로157길 13 (묵동),서울특별시,중랑구,37.6097411262067,127.076897926489
6,이디야,면목경남아너스빌점,서울 중랑구 면목로27길 92 (면목동),서울특별시,중랑구,37.574252177368244,127.08048931056359
7,이디야,면목늘찬병원점,"서울 중랑구 동일로 643 (면목동, 늘찬병원)",서울특별시,중랑구,37.5879908042663,127.079680860838
8,이디야,면목역점,"서울 중랑구 면목로 429 (면목동, 킴스아파트)",서울특별시,중랑구,37.5901934659094,127.086826066156
9,이디야,봉화산역점,서울 중랑구 신내로 211 (신내동),서울특별시,중랑구,37.6163496295774,127.092668240549
10,이디야,사가정아이파크점,"서울 중랑구 동일로92길 57 (면목동, 메디포레)",서울특별시,중랑구,37.5834835948977,127.083196727099
11,이디야,사가정역점,서울 중랑구 면목로 325 (면목동),서울특별시,중랑구,37.5811367688006,127.088173980648
12,이디야,상봉엠코점,"서울 중랑구 망우로 353 (상봉동, 상봉 프레미어스 엠코)",서울특별시,중랑구,37.5983328190955,127.091624142481
13,이디야,상봉역점,서울 중랑구 망우로 277 (상봉동),서울특별시,중랑구,37.5960553404392,127.08342099906
14,이디야,상봉중앙점,서울 중랑구 망우로 316 (상봉동),서울특별시,중랑구,37.5965223858128,127.087565034141
15,이디야,서울상봉1동점,서울 중랑구 상봉중앙로 36 (상봉동),서울특별시,중랑구,37.6002908828924,127.087790157773
16,이디야,서울중화초등학교점,"서울 중랑구 신내로7가길 7 (신내동, 제이리옴)",서울특별시,중랑구,37.60237451498618,127.09544803898843
17,이디야,서일중앙점,"서울 중랑구 용마산로 394 (면목동, 해동검도)",서울특별시,중랑구,37.5866519523067,127.095551256708
18,이디야,신내동점,서울 중랑구 봉화산로 215 (신내동),서울특별시,중랑구,37.6076555866366,127.09654291583
19,이디야,양원역점,서울 중랑구 양원역로14가길 24 (망우동),서울특별시,중랑구,37.60748470605642,127.10675146670297
20,이디야,중랑교차로점,서울 중랑구 동일로 683 (면목동),서울특별시,중랑구,37.5914442733687,127.079864348337
21,이디야,중랑역점,서울 중랑구 망우로 198 (상봉동),서울특별시,중랑구,37.5933277359226,127.074871189969
22,이디야,중화동점,서울 중랑구 동일로129길 1 (중화동),서울특별시,중랑구,37.5993838458016,127.079542626772
23,이디야,화랑대역점,"서울 중랑구 신내로25가길 2 (묵동, 현동학당)",서울특별시,중랑구,37.61954020149987,127.08413727538176
24,이디야,강남YMCA점,서울 강남구 논현동,서울특별시,강남구,37.5126451506882,127.030154778539
25,이디야,강남구청역아이티웨딩점,"서울 강남구 학동로 338 (논현동, 강남파라곤)",서울특별시,강남구,37.51654171724045,127.0401601992311
26,이디야,강남논현학동점,서울 강남구 논현로131길 28 (논현동),서울특별시,강남구,37.51408005446769,127.02810578707652
27,이디야,강남대치점,"서울 강남구 역삼로 415 (대치동, 성진빌딩)",서울특별시,강남구,37.50133876179308,127.05242928262568
28,이디야,강남도산점,서울 강남구 도산대로37길 20 (신사동),서울특별시,강남구,37.5222784215718,127.031487626912
29,이디야,강남율현점,"서울 강남구 밤고개로21길 8 (율현동, 세곡프라자)",서울특별시,강남구,37.4735487656314,127.107863694133
30,이디야,개포동역점,"서울 강남구 개포로82길 11 (개포동, 삼우빌딩)",서울특별시,강남구,37.488604436046536,127.06742226515867
31,이디야,건설회관점,서울 강남구 언주로 711 (논현동),서울특별시,강남구,37.5170777485054,127.033430008152
32,이디야,대청역점,"서울 강남구 개포로109길 34 (개포동, 대청프라자)",서울특별시,강남구,37.49418891219431,127.07764131137398
33,이디야,대치역점,"서울 강남구 남부순환로 2937 (대치동, 까치빌딩)",서울특별시,강남구,37.4940924880388,127.061617564506
34,이디야,도곡2동점,"서울 강남구 논현로 142 (도곡동, 동현빌딩)",서울특별시,강남구,37.482353824702095,127.04304591726503
35,이디야,도산사거리점,서울 강남구 논현동,서울특별시,강남구,37.5126451506882,127.030154778539
36,이디야,삼성대치점,"서울 강남구 삼성로64길 32 (대치동, 주성빌딩)",서울특별시,강남구,37.50043704079942,127.06310437319587
37,이디야,삼성동점,서울 강남구 테헤란로88길 10 (대치동),서울특별시,강남구,37.5068438170208,127.059463197882
38,이디야,삼성중앙역점,"서울 강남구 삼성로 608 (삼성동, 우창빌딩)",서울특별시,강남구,37.5138886492475,127.053299510545
39,이디야,삼성한전점,서울 강남구 테헤란로107길 11 (삼성동),서울특별시,강남구,37.5104297492841,127.065059101392
40,이디야,선릉역점,"서울 강남구 테헤란로 332 (역삼동, HJ타워)",서울특별시,강남구,37.503774633134,127.048192060882
41,이디야,선릉점,"서울 강남구 선릉로86길 15 (대치동, 현대선릉 GOLD TOWER)",서울특별시,강남구,37.50346806209728,127.05088702698811
42,이디야,신사역점,서울 강남구 압구정로2길 62 (신사동),서울특별시,강남구,37.517782772275645,127.02145819084597
43,이디야,압구정현대점,"서울 강남구 압구정로 214 (신사동, 현대종합상가빌딩)",서울특별시,강남구,37.527994487818226,127.03073566616045
44,이디야,역삼더블루점,"서울 강남구 논현로63길 16 (역삼동, 역삼종합시장 더블루)",서울특별시,강남구,37.4928940114283,127.039114558338
45,이디야,역삼역점,서울 강남구 테헤란로25길 17 (역삼동),서울특별시,강남구,37.50178663316214,127.03523956508853
46,이디야,역삼월드점,"서울 강남구 역삼로52길 14 (역삼동, 도곡프라자)",서울특별시,강남구,37.49854753271711,127.04798299548432
47,이디야,역삼점,서울 강남구 논현로72길 13 (역삼동),서울특별시,강남구,37.4958440607421,127.040532805045
48,이디야,역삼중앙점,서울 강남구 언주로81길 8 (역삼동),서울특별시,강남구,37.5003154494517,127.04292899982501
49,이디야,역삼초교점,서울 강남구 강남대로 314 (역삼동),서울특별시,강남구,37.4913189579708,127.031257745326
50,이디야,역삼충현점,서울 강남구 논현로98길 7 (역삼동),서울특별시,강남구,37.5037648162983,127.036345775147
51,이디야,역삼플래티넘점,"서울 강남구 테헤란로4길 46 (역삼동, 쌍용플래티넘밸류)",서울특별시,강남구,37.4955481444177,127.03006467392
52,이디야,을지병원사거리점,서울 강남구 도산대로30길 7 (논현동),서울특별시,강남구,37.5193954737507,127.029425389395
53,이디야,이디야커피랩,"서울 강남구 논현로 636 (논현동, 이디야빌딩)",서울특별시,강남구,37.51047297481296,127.032981540064
54,이디야,일원동점,서울 강남구 양재대로27길 20 (일원동),서울특별시,강남구,37.49040201406986,127.08160067456867
55,이디야,청담사거리점,서울 강남구 도산대로 521 (청담동),서울특별시,강남구,37.524855870334314,127.05035288418118
56,이디야,청담역점,"서울 강남구 삼성로 721 (청담동, 룩희 819)",서울특별시,강남구,37.5200643058897,127.049146860404
57,이디야,포이사거리점,서울 강남구 개포로 218 (개포동),서울특별시,강남구,37.4784962431058,127.046611902693
58,이디야,학동역점,"서울 강남구 학동로 219 (논현동, 국제빌딩)",서울특별시,강남구,37.51499417378034,127.03312378880225
59,이디야,학동제마점,서울 강남구 학동로34길 22 (논현동),서울특별시,강남구,37.5131174134101,127.033652198273
60,이디야,한티역점,서울 강남구 도곡로69길 8 (대치동),서울특별시,강남구,37.4979490135961,127.056118735013
61,이디야,4.19사거리점,서울 강북구 삼양로 501 (수유동),서울특별시,강북구,37.647893174147,127.014231720461
62,이디야,가오리역점,서울 강북구 삼각산로 108 (수유동),서울특별시,강북구,37.6406008108564,127.016163948133
63,이디야,미아꿈의숲해링턴점,"서울 강북구 오현로 45 (미아동, 꿈의숲 해링턴 플레이스)",서울특별시,강북구,37.6169375235603,127.034460650104
64,이디야,미아역점,서울 강북구 도봉로 207 -3(미아동),서울특별시,강북구,37.6270583442503,127.02547799375
65,이디야,미아중앙점,서울 강북구 도봉로 128 (미아동),서울특별시,강북구,37.6204702944714,127.028752360124
66,이디야,번동점,"서울 강북구 오현로 194 (번동, 덕수빌딩)",서울특별시,강북구,37.6288359683906,127.03987378053
67,이디야,북한산점,서울 강북구 4.19로 85 (수유동),서울특별시,강북구,37.6447601874917,127.005613427587
68,이디야,삼각산점,서울 강북구 솔샘로40길 3 (미아동),서울특별시,강북구,37.6199160790664,127.016024676372
69,이디야,수유사거리점,"서울 강북구 덕릉로 82 (수유동, 제네스타워)",서울특별시,강북구,37.6344266074982,127.022843274109
70,이디야,수유역점,서울 강북구 도봉로 355 (수유동),서울특별시,강북구,37.6393467065696,127.026708100926
71,이디야,우이역도선사점,서울 강북구 삼양로173길 21 (우이동),서울특별시,강북구,37.6625815694576,127.011370528324
72,이디야,한신대점,서울 강북구 덕릉로 31 (수유동),서울특별시,강북구,37.6343160541282,127.016985885932
73,이디야,가양역점,서울 강서구 양천로 500 (등촌동),서울특별시,강서구,37.5605371784027,126.855531211014
74,이디야,강서nc점,서울 강서구 강서로54길 11 (등촌동),서울특별시,강서구,37.5594168739297,126.839349532387
75,이디야,강서교차로점,"서울 강서구 공항대로 437 (등촌동, 주신기업(주))",서울특별시,강서구,37.5549542664078,126.855918740576
76,이디야,강서구청점,"서울 강서구 화곡로 292 (화곡동, 서광프리메라)",서울특별시,강서구,37.5501868292157,126.848722796198
77,이디야,강서한강자이점,서울 강서구 양천로 401 (가양동),서울특별시,강서구,37.5657034766638,126.847638315393
78,이디야,개화산역점,"서울 강서구 양천로 28 (방화동, 벽산에어트리움)",서울특별시,강서구,37.5722836809967,126.80696733511
79,이디야,개화산점,"서울 강서구 양천로 28 (방화동, 벽산에어트리움)",서울특별시,강서구,37.5723030060453,126.806994113323
80,이디야,공항시장역점,"서울 강서구 방화동로 37 (방화동, 메디스타워)",서울특별시,강서구,37.5641822785808,126.810682079138
81,이디야,까치산로점,서울 강서구 까치산로 182 (화곡동),서울특별시,강서구,37.553313221654,126.853891289928
82,이디야,까치산역점,서울 강서구 강서로17길 6 (화곡동),서울특별시,강서구,37.5334249471385,126.845201122636
83,이디야,등촌3동성당점,"서울 강서구 강서로56길 110 (등촌동, SJC빌딩)",서울특별시,강서구,37.5588989867375,126.844878507014
84,이디야,등촌동점,"서울 강서구 공항대로61길 20 (염창동, 우리프리머스)",서울특별시,강서구,37.5518113314282,126.865793360516
85,이디야,등촌역점,서울 강서구 등촌로 217 (등촌동),서울특별시,강서구,37.5491824406556,126.863315147109
86,이디야,등촌중앙점,"서울 강서구 등촌로 67 (등촌동, 컴스웨이빌딩)",서울특별시,강서구,37.53608583794484,126.86312283631494
87,이디야,렘넌트문화센터점,"서울 강서구 화곡로63길 65 (등촌동, 예원교회)",서울특별시,강서구,37.55786209369936,126.84945198496683
88,이디야,마곡대방디엠씨티점,"서울 강서구 양천로 344 (마곡동, 마곡센트럴대방디엠시티오피스텔)",서울특별시,강서구,37.56843913691685,126.84038658631331
89,이디야,마곡수명산점,"서울 강서구 수명로 68-27 (내발산동, 웨스트엔드문화센터)",서울특별시,강서구,37.552676073225,126.826675489517
90,이디야,마곡엠밸리점,"서울 강서구 마곡서로 101 (마곡동, 동익드미라벨복합빌딩)",서울특별시,강서구,37.5626706927393,126.823605646871
91,이디야,마곡중앙점,"서울 강서구 마곡중앙6로 66 (마곡동, 퀸즈파크텐)",서울특별시,강서구,37.559915259194,126.8343608462
92,이디야,마곡퀸즈파크9점,"서울 강서구 공항대로 247 (마곡동, 퀸즈파크나인)",서울특별시,강서구,37.5593135416408,126.83523920295
93,이디야,마곡파인스퀘어점,"서울 강서구 마곡중앙4로 22 (마곡동, 파인스퀘어)",서울특별시,강서구,37.5582813792344,126.829290828058
94,이디야,마곡헤리움점,"서울 강서구 마곡중앙5로1길 25 (마곡동, 마곡헤리움2차)",서울특별시,강서구,37.5692420716795,126.826138036672
95,이디야,발산역점,서울 강서구 공항대로 280 (내발산동),서울특별시,강서구,37.55807272536136,126.8383941467497
96,이디야,방화동로점,서울 강서구 방화동로 95 (방화동),서울특별시,강서구,37.5690161610357,126.812631152778
97,이디야,방화사거리점,"서울 강서구 양천로 72 (방화동, 해성빌딩)",서울특별시,강서구,37.5732116324409,126.811777075121
98,이디야,송정역점,서울 강서구 공항대로 24 (공항동),서울특별시,강서구,37.5611712399241,126.809951413051
99,이디야,신방화역점,"서울 강서구 마곡중앙5로 81 (마곡동, 에스비타운)",서울특별시,강서구,37.5671170824829,126.818597219555
100,이디야,신방화중앙점,"서울 강서구 방화대로34길 92 (방화동, 불해빌딩)",서울특별시,강서구,37.5708583976379,126.821451112442
101,이디야,염창동점,서울 강서구 양천로 689 (염창동),서울특별시,강서구,37.5505597737771,126.872893822047
102,이디야,우장산동점,서울 강서구 우현로 15 (화곡동),서울특별시,강서구,37.5471679730925,126.843625687446
103,이디야,우장산역점,서울 강서구 강서로45길 5 (화곡동),서울특별시,강서구,37.5478575498901,126.835824572069
104,이디야,화곡로점,서울 강서구 화곡로 133 (화곡동),서울특별시,강서구,37.5408336595688,126.83649036711
105,이디야,화곡본동시장점,서울 강서구 까치산로4길 11 (화곡동),서울특별시,강서구,37.54223429652289,126.84424724638545
106,이디야,화곡사거리점,서울 강서구 곰달래로 135 (화곡동),서울특별시,강서구,37.5307647642885,126.847921657041
107,이디야,화곡중앙시장점,서울 강서구 가로공원로76길 61 (화곡동),서울특별시,강서구,37.5344254054077,126.838267216211
108,이디야,관악우성점,서울 관악구 관악로 232 (봉천동),서울특별시,관악구,37.4849644283346,126.95603357684
109,이디야,관악하나로마트점,"서울 관악구 남부순환로 1369 (신림동, 관악농협농산물백화점)",서울특별시,관악구,37.4801290693885,126.902896907397
110,이디야,낙성대역점,서울 관악구 남부순환로 1915 (봉천동),서울특별시,관악구,37.4779156285198,126.962205494624
111,이디야,난곡사거리점,서울 관악구 남부순환로 1444 (신림동),서울특별시,관악구,37.4809279906563,126.911256043771
112,이디야,남현홈플러스점,"서울 관악구 과천대로 909 (남현동, 남현프라자)",서울특별시,관악구,37.4714704021418,126.982466468514
113,이디야,녹두거리점,서울 관악구 신림로 91 (신림동),서울특별시,관악구,37.4703086452623,126.939065988966
114,이디야,보라매중앙점,"서울 관악구 보라매로 62 (봉천동, 보라매삼성아파트)",서울특별시,관악구,37.4948015028766,126.927602560192
115,이디야,봉일시장점,서울 관악구 은천로 23 (봉천동),서울특별시,관악구,37.4864072865821,126.937927086846
116,이디야,봉천역점,서울 관악구 남부순환로 1725 (봉천동),서울특별시,관악구,37.4826845342451,126.941891346509
117,이디야,봉천현대시장점,서울 관악구 양녕로 39-1 (봉천동),서울특별시,관악구,37.4857087156598,126.946749008784
118,이디야,서울대중앙점,서울 관악구 남부순환로216길 2 (봉천동),서울특별시,관악구,37.48137982242393,126.9490007619789
119,이디야,신대방역점,서울 관악구 난곡로 368 (신림동),서울특별시,관악구,37.4868566719231,126.913752282818
120,이디야,신림난곡점,서울 관악구 난곡로 197 (신림동),서울특별시,관악구,37.4725400701048,126.918942273894
121,이디야,신림남부초교점,서울 관악구 남부순환로 1541-1 (신림동),서울특별시,관악구,37.4834018259286,126.921883674693
122,이디야,신림대학동점,서울 관악구 호암로26길 17 (신림동),서울특별시,관악구,37.4707490184504,126.934607229207
123,이디야,신림문화교점,"서울 관악구 신림로46길 1 (신림동, 서원동성당)",서울특별시,관악구,37.4784569907315,126.933022235665
124,이디야,신림미성점,서울 관악구 난곡로 250 (신림동),서울특별시,관악구,37.4765402893322,126.915984298817
125,이디야,신림신원점,서울 관악구 신원로 16 (신림동),서울특별시,관악구,37.4807396753723,126.927931907461
126,이디야,신림신화교점,서울 관악구 신림로 199 (신림동),서울특별시,관악구,37.475523804882876,126.93620717411919
127,이디야,신림역점,서울 관악구 신림로 312 (신림동),서울특별시,관악구,37.48218874829938,126.93014982439058
128,이디야,신림패션문화점,서울 관악구 봉천로6길 24 (신림동),서울특별시,관악구,37.488621134755,126.925430749958
129,이디야,청룡중앙점,"서울 관악구 쑥고개로 80 (봉천동, 제이빌딩)",서울특별시,관악구,37.4792117658952,126.945267468435
130,이디야,건대로데오점,서울 광진구 아차산로30길 8 (자양동),서울특별시,광진구,37.5404002389743,127.067613370282
131,이디야,건대스타시티2호점,"서울 광진구 능동로 92 (자양동, 스타시티몰) 지하 2층 201호",서울특별시,광진구,37.5389997704376,127.071214413664
132,이디야,건대스타시티점,"서울 광진구 아차산로 272 (자양동, 더샵스타시티)",서울특별시,광진구,37.5385582736952,127.072996184863
133,이디야,건대역점,"서울 광진구 아차산로 229 (화양동, 한림타워)",서울특별시,광진구,37.540809126931,127.068990676571
134,이디야,구의사거리점,서울 광진구 광나루로 508 (구의동),서울특별시,광진구,37.5447981575587,127.085963863525
135,이디야,구의역점,서울 광진구 구의로 4 (구의동),서울특별시,광진구,37.538350750252,127.089289559874
136,이디야,구의자양로점,서울 광진구 자양로 251 (구의동),서울특별시,광진구,37.548993161964745,127.0893030454462
137,이디야,군자역점,"서울 광진구 능동로 290 (능동, 삼일빌딩)",서울특별시,광진구,37.5555832993412,127.078979184085
138,이디야,동서울터미널점,서울 광진구 구의동,서울특별시,광진구,37.5502741239803,127.093135225891
139,이디야,세종대후문점,서울 광진구 군자로 109 (군자동),서울특별시,광진구,37.5528721561007,127.071997503193
140,이디야,아차산역점,서울 광진구 천호대로 663 (구의동),서울특별시,광진구,37.5518131074078,127.090249098008
141,이디야,자양동점,서울 광진구 자양로 46 (자양동),서울특별시,광진구,37.5322036162944,127.085968300289
142,이디야,자양우성점,"서울 광진구 자양번영로 34 (자양동, 제이원하이텔)",서울특별시,광진구,37.5327019732956,127.075820421522
143,이디야,중곡대원점,서울 광진구 용마산로 111 (중곡동),서울특별시,광진구,37.5635945424938,127.086643404936
144,이디야,중곡신성점,"서울 광진구 용마산로 37 (중곡동, 이안빌딩)",서울특별시,광진구,37.557021695282,127.087723525693
145,이디야,중곡중앙점,서울 광진구 능동로 330 (중곡동),서울특별시,광진구,37.5589451718863,127.080737680112
146,이디야,가산두산위브점,서울 금천구 가산로 111 (가산동),서울특별시,금천구,37.4756196441839,126.892926734418
147,이디야,가산리더스타워점,서울 금천구 벚꽃로 286 (가산동),서울특별시,금천구,37.4803938924495,126.884121140151
148,이디야,가산벽산점,서울 금천구 벚꽃로 244 (가산동),서울특별시,금천구,37.4767541059774,126.885806750581
149,이디야,가산오거리점,"서울 금천구 가산로 155 (가산동, 케이디에스빌딩)",서울특별시,금천구,37.478860594893845,126.8901033556771
150,이디야,가산월드점,서울 금천구 가산디지털2로 123 (가산동),서울특별시,금천구,37.4787267314014,126.878710182672
151,이디야,가산하이엔드10차점,"서울 금천구 가산디지털1로 30 (가산동, 에이스하이엔드타워10)",서울특별시,금천구,37.4688028726128,126.88749549372684
152,이디야,금천롯데마트점,"서울 금천구 시흥대로 291 (독산동, 금천롯데캐슬골드파크3차)",서울특별시,금천구,37.4599560487863,126.896699156299
153,이디야,독산동쌈지공원점,서울 금천구 독산로 276 (독산동),서울특별시,금천구,37.471350493002376,126.9032865178164
154,이디야,독산동점,"서울 금천구 독산로 218 (독산동, 창영빌딩)",서울특별시,금천구,37.46635783819566,126.90200430635853
155,이디야,박미삼거리점,서울 금천구 시흥대로 150 (시흥동),서울특별시,금천구,37.4476250836631,126.90366423687
156,이디야,석수푸르지오점,"서울 금천구 삼성산길 11 (시흥동, 위너스타워)",서울특별시,금천구,37.43411234401002,126.90472649315366
157,이디야,세광교회점,서울 금천구 독산로 124 (시흥동),서울특별시,금천구,37.4583414293405,126.905521424788
158,이디야,시흥동점,서울 금천구 시흥동,서울특별시,금천구,37.4476688042388,126.908452220723
159,이디야,시흥사거리점,서울 금천구 시흥대로63길 8 (시흥동),서울특별시,금천구,37.4550591389416,126.899099694946
160,이디야,시흥유통센터점,"서울 금천구 시흥대로 88 (시흥동, 오복빌딩)",서울특별시,금천구,37.4418896970511,126.903909572546
161,이디야,시흥중앙점,서울 금천구 금하로 748 (시흥동),서울특별시,금천구,37.4499582679558,126.912723967152
162,이디야,은행나무사거리점,서울 금천구 금하로 690 (시흥동),서울특별시,금천구,37.45180077956,126.906631793465
163,이디야,공릉역점,서울 노원구 동일로192길 5 (공릉동),서울특별시,노원구,37.626073855189,127.073390598155
164,이디야,광운대점,서울 노원구 광운로 29 (월계동),서울특별시,노원구,37.6203235545121,127.058425843398
165,이디야,노원사거리점,서울 노원구 동일로 1393 (상계동),서울특별시,노원구,37.6529465229583,127.060550327814
166,이디야,노원중앙점,서울 노원구 노원로 452 (상계동),서울특별시,노원구,37.6570063312756,127.06692012654
167,이디야,당고개역점,서울 노원구 상계로 313 (상계동),서울특별시,노원구,37.6708076278789,127.080369958013
168,이디야,상계동점,서울 노원구 한글비석로52길 8 (상계동),서울특별시,노원구,37.6648832320965,127.066475087214
169,이디야,상계상록스토아점,"서울 노원구 동일로227길 26 (상계동, 상계주공15단지아파트)",서울특별시,노원구,37.6701880464645,127.054677638301
170,이디야,상계역사거리점,서울 노원구 한글비석로 409 (상계동) 1~2층,서울특별시,노원구,37.661127,127.070846
171,이디야,상계역점,서울 노원구 덕릉로 698 (중계동),서울특별시,노원구,37.6598359024215,127.075653393731
172,이디야,상계중앙점,서울 노원구 동일로 1650 (상계동),서울특별시,노원구,37.6754838685069,127.055546879508
173,이디야,서울여대점,서울 노원구 노원로 3 (공릉동),서울특별시,노원구,37.6219930235553,127.086663107619
174,이디야,수락산역점,"서울 노원구 동일로 1689 (상계동, 하이베라스)",서울특별시,노원구,37.6791213093376,127.054950932229
175,이디야,원자력병원점,서울 노원구 공릉로46길 6 (공릉동),서울특별시,노원구,37.6269210605317,127.07963154886
176,이디야,월계이마트점,"서울 노원구 마들로3길 15 (월계동, 월계이마트)",서울특별시,노원구,37.6265093604229,127.061979778612
177,이디야,월계인덕점,서울 노원구 광운로22길 39 (월계동),서울특별시,노원구,37.6298501245091,127.058818019772
178,이디야,중계롯데우성점,서울 노원구 노원로22길 70 (중계동),서울특별시,노원구,37.6473153742483,127.073989501408
179,이디야,중계본동점,서울 노원구 중계로14바길 2 (중계동),서울특별시,노원구,37.649884209754255,127.0826133945026
180,이디야,중계점,서울 노원구 동일로204가길 34 (중계동),서울특별시,노원구,37.6407495352012,127.068172151465
181,이디야,태릉입구역점,"서울 노원구 공릉로 105 (공릉동, 성종빌딩)",서울특별시,노원구,37.6196132389484,127.077885277951
182,이디야,하계을지점,서울 노원구 공릉로 326 (하계동),서울특별시,노원구,37.6358934332346,127.071179668515
183,이디야,덕성여대점,서울 도봉구 삼양로 542 (쌍문동),서울특별시,도봉구,37.6516084987977,127.01319601269354
184,이디야,도봉구청점,"서울 도봉구 도봉로150길 43 (방학동, ESA 아파트)",서울특별시,도봉구,37.6662934478885,127.045847069683
185,이디야,도봉산점,서울 도봉구 도봉산길 18 (도봉동),서울특별시,도봉구,37.68753761913406,127.04374413595103
186,이디야,도봉역점,서울 도봉구 도봉로 823 (도봉동),서울특별시,도봉구,37.6779183959752,127.044759626556
187,이디야,도봉중앙점,서울 도봉구 도봉로181길 18 (도봉동),서울특별시,도봉구,37.6841625718239,127.044903275309
188,이디야,방학사거리점,서울 도봉구 도봉로 677 (방학동),서울특별시,도봉구,37.6649297808959,127.042318316334
189,이디야,방학역점,서울 도봉구 도봉로153길 15 (방학동),서울특별시,도봉구,37.6697953566978,127.042538024724
190,이디야,방학점,서울 도봉구 방학로 171 (방학동),서울특별시,도봉구,37.6621669447231,127.033248007437
191,이디야,선덕고사거리점,"서울 도봉구 해등로 255 (쌍문동, 에벤에셀아파트)",서울특별시,도봉구,37.6573748589473,127.028191786525
192,이디야,솔밭공원역점,"서울 도봉구 삼양로 594 (쌍문동, 주함해븐빌)",서울특별시,도봉구,37.6560582306343,127.013556949839
193,이디야,신창점,서울 도봉구 덕릉로 235 (창동),서울특별시,도봉구,37.6389379513295,127.038109547969
194,이디야,쌍문동점,서울 도봉구 노해로 162 (쌍문동),서울특별시,도봉구,37.648691425654484,127.02717853006696
195,이디야,쌍문역점,서울 도봉구 도봉로117길 4 (쌍문동),서울특별시,도봉구,37.6494415919409,127.034706714207
196,이디야,창동대우점,서울 도봉구 덕릉로63가길 30 (창동),서울특별시,도봉구,37.64346473981549,127.03874807786094
197,이디야,창동블루핀점,서울 도봉구 마들로 550 (창동),서울특별시,도봉구,37.66046447659116,127.04959433985911
198,이디야,창동역점,서울 도봉구 마들로11길 65 (창동),서울특별시,도봉구,37.6534171446527,127.049667391336
199,이디야,창동제일점,서울 도봉구 노해로70길 81 (창동),서울특별시,도봉구,37.64890361348041,127.05250451283373
200,이디야,창동하나로마트점,"서울 도봉구 마들로11길 20 (창동, 농협창동유통센타)",서울특별시,도봉구,37.654796530681295,127.05139242088684
201,이디야,창동학원가점,서울 도봉구 해등로16길 61 (창동),서울특별시,도봉구,37.6551356444229,127.043355569136
202,이디야,남성역점,서울 동작구 사당로17가길 13 (사당동),서울특별시,동작구,37.4838120946482,126.973425490717
203,이디야,노들점,서울 동작구 노량진로 200 (노량진동),서울특별시,동작구,37.5129025942598,126.947920845817
204,이디야,노량진CTS점,서울 동작구 노량진로 110 (노량진동),서울특별시,동작구,37.5131853341731,126.938038724901
205,이디야,노량진드림스퀘어점,"서울 동작구 노들로2길 7 (노량진동, 노량진 드림스퀘어 복합빌딩)",서울특별시,동작구,37.514162523894726,126.93865425871968
206,이디야,노량진역사점,"서울 동작구 노량진로 지하 130 (노량진동, 9호선 노량진역)",서울특별시,동작구,37.513574825476404,126.94082532227891
207,이디야,대방역점,"서울 동작구 노량진로 24 (대방동, 한신빌딩)",서울특별시,동작구,37.51290838049896,126.92834765518518
208,이디야,보라매공원점,서울 동작구 여의대방로 90 (신대방동),서울특별시,동작구,37.4968095727752,126.916661704502
209,이디야,보라매점,"서울 동작구 보라매로5가길 16 (신대방동, 보라매아카데미타워)",서울특별시,동작구,37.4912751024086,126.924094714271
210,이디야,사당역점,서울 동작구 동작대로7길 100 (사당동),서울특별시,동작구,37.4771585444473,126.977532880864
211,이디야,상도역점,서울 동작구 상도로 277 (상도1동),서울특별시,동작구,37.5028147684905,126.948341437745
212,이디야,상도중앙점,서울 동작구 만양로 17 (상도동),서울특별시,동작구,37.50632113638169,126.94715442128768
213,이디야,상도파크엘점,"서울 동작구 양녕로 220 (상도동, 상도역 롯데캐슬 파크엘)",서울특별시,동작구,37.5007111108525,126.945556219571
214,이디야,신대방삼거리점,서울 동작구 상도로 78 (대방동),서울특별시,동작구,37.499545156936364,126.92914752489297
215,이디야,이수중앙점,서울 동작구 사당로 285 (사당동),서울특별시,동작구,37.4846491148735,126.979182539226
216,이디야,중앙대점,서울 동작구 흑석로 79 (흑석동),서울특별시,동작구,37.5070293244615,126.958421417835
217,이디야,중앙대후문점,서울 동작구 흑석로 20 (상도동),서울특별시,동작구,37.5048307436215,126.9530308556
218,이디야,총신대입구역점,서울 동작구 동작대로 119-1 (사당동),서울특별시,동작구,37.4873642968468,126.981877501253
219,이디야,총신대점,"서울 동작구 사당로16가길 96 (사당동) 1,2층",서울특별시,동작구,37.485093,126.968803
220,이디야,해군회관점,서울 동작구 여의대방로 194 (대방동),서울특별시,동작구,37.5042619165854,126.922263210314
221,이디야,흑석역점,서울 동작구 현충로 100-1 (흑석동),서울특별시,동작구,37.5076446931125,126.964738341052
222,이디야,공덕롯데캐슬점,"서울 마포구 마포대로 109 (공덕동, 롯데캐슬프레지던트)",서울특별시,마포구,37.5451188164137,126.950886259458
223,이디야,대흥역점,서울 마포구 백범로 100 (대흥동),서울특별시,마포구,37.547446,126.942358
224,이디야,마포공덕역점,서울 마포구 새창로 6 (도화동),서울특별시,마포구,37.54203652124145,126.95051136853504
225,이디야,마포구청점,서울 마포구 월드컵로 196 (성산동),서울특별시,마포구,37.5647995635391,126.902750212857
226,이디야,마포성산시영점,서울 마포구 월드컵북로 210 (성산동),서울특별시,마포구,37.5692205219891,126.905804329554
227,이디야,마포점,서울 마포구 도화길 10 (도화동),서울특별시,마포구,37.5398078193128,126.947410163519
228,이디야,망리단길점,"서울 마포구 포은로 81-1 (망원동, S-빌딩)",서울특별시,마포구,37.5543135567568,126.905265725284
229,이디야,망원역점,서울 마포구 월드컵로 82-1 (서교동),서울특별시,마포구,37.5563763922796,126.910226957389
230,이디야,망원중앙점,서울 마포구 월드컵로 147 (망원동),서울특별시,마포구,37.5607966710773,126.905478560614
231,이디야,상수역점,서울 마포구 와우산로 41-1 (상수동),서울특별시,마포구,37.5482472144347,126.922823539536
232,이디야,상암DMC점,서울 마포구 월드컵북로 396 (상암동),서울특별시,마포구,37.5794283422818,126.889782954548
233,이디야,상암한샘점,서울 마포구 성암로13길 58 (상암동),서울특별시,마포구,37.5757184810434,126.897772246535
234,이디야,상암홈플러스점,서울 마포구 월드컵로 240 (성산동),서울특별시,마포구,37.5682884450841,126.897273034482
235,이디야,서교동점,서울 마포구 와우산로29길 70 (서교동),서울특별시,마포구,37.5563657191815,126.926596108697
236,이디야,성산점,서울 마포구 월드컵북로 137 (성산동),서울특별시,마포구,37.5648258493667,126.91166211022
237,이디야,성산중앙점,서울 마포구 성미산로 78 (성산동),서울특별시,마포구,37.560307376342,126.916651016723
238,이디야,신촌그랑자이점,"서울 마포구 대흥로 183 (대흥동, 신촌그랑자이 상가)",서울특별시,마포구,37.5558352535218,126.945660437538
239,이디야,신촌로터리점,서울 마포구 서강로 135 (노고산동),서울특별시,마포구,37.5545167136847,126.935422277226
240,이디야,신촌숲아이파크점,"서울 마포구 광성로 17 (신수동, 신촌숲아이파크)",서울특별시,마포구,37.550314872049455,126.93551824572988
241,이디야,신촌하나로마트점,"서울 마포구 신촌로 66 (노고산동, 농협중앙회)",서울특별시,마포구,37.5560664973453,126.933116598433
242,이디야,애오개역점,서울 마포구 마포대로 208 (아현동),서울특별시,마포구,37.5525006898944,126.956862957606
243,이디야,오벨리스크점,"서울 마포구 마포대로 33 (도화동, 마포 한화 오벨리스크)",서울특별시,마포구,37.5399847863145,126.945447452979
244,이디야,합정LIG점,서울 마포구 양화로1길 21 (합정동),서울특별시,마포구,37.5495946668227,126.910456894059
245,이디야,합정동점,서울 마포구 양화로6길 90 (합정동),서울특별시,마포구,37.5482353406882,126.919083986241
246,이디야,합정역사거리점,서울 마포구 독막로2길 5 (합정동),서울특별시,마포구,37.5482582573584,126.914898987448
247,이디야,합정홈플러스점,"서울 마포구 양화로 45 (서교동, 메세나폴리스)",서울특별시,마포구,37.5515008030203,126.91395024016
248,이디야,홍대청기와점,서울 마포구 월드컵북로 7 (서교동),서울특별시,마포구,37.5556111696904,126.920661686736
249,이디야,홍익대점,"서울 마포구 홍익로 10 (서교동, 서교푸르지오)",서울특별시,마포구,37.5537619785992,126.923693794834
250,이디야,가재울중앙점,"서울 서대문구 가재울미래로 2 (남가좌동, DMC파크뷰자이)",서울특별시,서대문구,37.5744019902031,126.917907814167
251,이디야,명지대점,서울 서대문구 거북골로 35 (남가좌동),서울특별시,서대문구,37.5793644567594,126.923916395533
252,이디야,명지전문대점,서울 서대문구 가좌로 140 (홍은동),서울특별시,서대문구,37.5845714538091,126.92415926898
253,이디야,북가좌동점,서울 서대문구 증가로 257 (북가좌동),서울특별시,서대문구,37.5834558892976,126.911536848426
254,이디야,서대문구청점,서울 서대문구 연희로 237 (연희동),서울특별시,서대문구,37.57824224353534,126.93569228371322
255,이디야,서대문점,서울 서대문구 냉천동,서울특별시,서대문구,37.5667821636121,126.961963463309
256,이디야,서울간호대점,서울 서대문구 간호대로 8 (홍제동),서울특별시,서대문구,37.596698732359,126.94879760070489
257,이디야,신촌기차역점,서울 서대문구 신촌역로 35 (창천동),서울특별시,서대문구,37.558976103967,126.941459567139
258,이디야,신촌역점,서울 서대문구 신촌로 87-20 (창천동),서울특별시,서대문구,37.5565111834994,126.936458823099
259,이디야,아현역점,"서울 서대문구 신촌로37길 10 (북아현동, 아현 메디컬)",서울특별시,서대문구,37.5576654886412,126.957137829236
260,이디야,연남동점,서울 서대문구 연희로 42 (연희동),서울특별시,서대문구,37.5623685801819,126.927862179186
261,이디야,연세대점,서울 서대문구 연세로12길 10 (창천동),서울특별시,서대문구,37.5588610117482,126.937523648298
262,이디야,연세의료원ABMRC점,"서울 서대문구 연세로 50-1 (신촌동, 세브란스병원)",서울특별시,서대문구,37.563674036531,126.941917689273
263,이디야,연세의료원제중관점,"서울 서대문구 연세로 50-1 (신촌동, 세브란스병원)",서울특별시,서대문구,37.56204444440694,126.9396619657622
264,이디야,연세의료원종합관점,"서울 서대문구 연세로 50-1 (신촌동, 세브란스병원)",서울특별시,서대문구,37.56128805404262,126.94054256718223
265,이디야,연희홍연길점,서울 서대문구 홍제천로 146-9 (연희동),서울특별시,서대문구,37.5763814406771,126.930025142924
266,이디야,충정로3가점,"서울 서대문구 경기대로 26-26 (충정로3가, 더스타일하우스디센트럴)",서울특별시,서대문구,37.5610226183,126.962192415514
267,이디야,홍은사거리점,"서울 서대문구 통일로 510 (홍은동, 북한산 더샵)",서울특별시,서대문구,37.594570187466,126.941167410528
268,이디야,강남센트럴시티점,"서울 서초구 신반포로 176 (반포동, 센트럴시티)",서울특별시,서초구,37.503934456230404,127.00241119724721
269,이디야,교대역점,"서울 서초구 서초대로56길 22 (서초동, 성운빌딩)",서울특별시,서초구,37.49348156830381,127.01711123409879
270,이디야,국립국악원점,"서울 서초구 남부순환로 2364 (서초동, 국립국악원)",서울특별시,서초구,37.4777188083482,127.009818464555
271,이디야,국립중앙도서관디지털관점,"서울 서초구 반포대로 201 (반포동, 국립중앙도서관)",서울특별시,서초구,37.49784541491314,127.00399194893603
272,이디야,국립중앙도서관본관점,"서울 서초구 반포대로 201 (반포동, 국립중앙도서관)",서울특별시,서초구,37.49759316196095,127.0030193959796
273,이디야,남부터미널점,서울 서초구 서초동,서울특별시,서초구,37.4900861966504,127.01953478052
274,이디야,내방역점,"서울 서초구 서초대로 108 (방배동, 삼보빌딩)",서울특별시,서초구,37.4875261941992,126.994201615542
275,이디야,반포지하상가점,"서울 서초구 신반포로 지하 200 (잠원동, 강남터미널지하쇼핑몰)",서울특별시,서초구,37.506219322319325,127.0050532634284
276,이디야,방배역점,서울 서초구 방배로 87 (방배동),서울특별시,서초구,37.4821780901376,126.996908751208
277,이디야,방배중앙점,"서울 서초구 동광로 1 (방배동, 대양빌딩)",서울특별시,서초구,37.4910714836313,126.983025685547
278,이디야,서울고교점,서울 서초구 서초동,서울특별시,서초구,37.4900861966504,127.01953478052
279,이디야,서울고속버스터미널점,"서울 서초구 신반포로 194 (반포동, 강남고속버스터미널)",서울특별시,서초구,37.5057291465854,127.00568884262598
280,이디야,서울교대점,서울 서초구 서초동,서울특별시,서초구,37.4900861966504,127.01953478052
281,이디야,서초법조타운점,"서울 서초구 서초중앙로24길 7 (서초동, 동천빌딩)",서울특별시,서초구,37.49479378533478,127.01448803642147
282,이디야,서초역점,서울 서초구 서초동,서울특별시,서초구,37.4900861966504,127.01953478052
283,이디야,서초우면중앙점,"서울 서초구 양재대로2길 100-11 (우면동, 서초 리슈빌S)",서울특별시,서초구,37.45646459702972,127.01625285612394
284,이디야,서초점,서울 서초구 서초대로48길 16 (서초동),서울특별시,서초구,37.510472981127,127.0329589189837
285,이디야,신사멀버리힐스점,서울 서초구 강남대로 589 (잠원동),서울특별시,서초구,37.5144406772564,127.019386390307
286,이디야,양재언남점,"서울 서초구 동산로 60 (양재동, 화성빌딩)",서울특별시,서초구,37.4716967865343,127.045418313074
287,이디야,양재점,서울 서초구 남부순환로347길 38 (서초동),서울특별시,서초구,37.4860263770271,127.031487443707
288,이디야,양재중앙점,"서울 서초구 강남대로 221 (양재동, 양재역 환승주차장)",서울특별시,서초구,37.4836850972087,127.034117823374
289,이디야,양재하나로마트점,"서울 서초구 청계산로 10 (양재동, 농협하나로클럽)",서울특별시,서초구,37.4632288044056,127.043530153585
290,이디야,예술의전당점,"서울 서초구 반포대로 32 (서초동, 원일빌딩)",서울특별시,서초구,37.48343774983494,127.01212053082338
291,이디야,우면동점,"서울 서초구 바우뫼로 20 (우면동, 고호빌딩)",서울특별시,서초구,37.4699868339835,127.025291195281
292,이디야,잠원논현점,서울 서초구 신반포로 333 (잠원동),서울특별시,서초구,37.51093465194,127.02015109878
293,이디야,청계산입구역점,서울 서초구 신원동,서울특별시,서초구,37.4440189779747,127.062170998757
294,이디야,함지박사거리점,서울 서초구 방배로 234 우신빌딩,서울특별시,서초구,37.4941611953765,126.989910590285
295,이디야,고대개운점,서울 성북구 개운사길 30 (안암동5가),서울특별시,성북구,37.5876829132381,127.029436286155
296,이디야,고대점,서울 성북구 고려대로24길 35 (안암동5가),서울특별시,성북구,37.5846644662531,127.029558844368
297,이디야,고대타이거프라자점,"서울 성북구 안암로 145 (안암동5가, 고려대학교안암캠퍼스)",서울특별시,성북구,37.5887034223667,127.031698331241
298,이디야,길음뉴타운점,"서울 성북구 길음로 74 (길음동, 길음 에스에이치빌)",서울특별시,성북구,37.6092896639058,127.021033925155
299,이디야,길음중앙점,"서울 성북구 도봉로 11 (길음동, 삼주빌딩)",서울특별시,성북구,37.6102502835964,127.02987600544
300,이디야,돌곶이역점,서울 성북구 돌곶이로22길 3 (석관동),서울특별시,성북구,37.6101964263816,127.058098990689
301,이디야,동덕여대점,서울 성북구 화랑로 99 (하월곡동),서울특별시,성북구,37.6034898226234,127.042688569342
302,이디야,동소문동점,서울 성북구 동소문로13길 5 (동소문동4가),서울특별시,성북구,37.5920438955105,127.012838102554
303,이디야,보문역점,서울 성북구 보문로 111 (보문동2가),서울특별시,성북구,37.5849398539909,127.019340463549
304,이디야,석계중앙점,서울 성북구 화랑로40길 61 (석관동),서울특별시,성북구,37.6137693344093,127.064941869055
305,이디야,석관동점,"서울 성북구 돌곶이로8길 22 (석관동, 래미안아트리치)",서울특별시,성북구,37.606523673300146,127.06226070129833
306,이디야,성신여대역점,서울 성북구 동소문로17길 40 (동소문동6가),서울특별시,성북구,37.5939295699321,127.015893755022
307,이디야,성신여대점,서울 성북구 보문로34길 100 (동선동2가),서울특별시,성북구,37.5912026781491,127.020787546073
308,이디야,안암래미안점,서울 성북구 보문로30가길 42 (안암동1가),서울특별시,성북구,37.58902457510121,127.02202493345699
309,이디야,월곡1동점,서울 성북구 오패산로 99 (하월곡동),서울특별시,성북구,37.6107513980687,127.035164406645
310,이디야,월곡동아점,서울 성북구 장월로1길 47 (상월곡동),서울특별시,성북구,37.60628529015279,127.04566819751201
311,이디야,장위2동점,서울 성북구 화랑로25길 14 (장위동),서울특별시,성북구,37.6093060056288,127.052463640045
312,이디야,장위뉴타운점,서울 성북구 장월로 144-1 (장위동),서울특별시,성북구,37.6177100595708,127.051043617995
313,이디야,장위동점,서울 성북구 월계로40길 7 (장위동),서울특별시,성북구,37.6229473543321,127.048397229405
314,이디야,장위북서울꿈의숲점,서울 성북구 돌곶이로41가길 2 (장위동),서울특별시,성북구,37.6186447150426,127.045615723434
315,이디야,장위중앙점,서울 성북구 장위로 35 (장위동),서울특별시,성북구,37.61446292677,127.04077945532
316,이디야,정릉중앙점,서울 성북구 정릉로 251 (정릉동),서울특별시,성북구,37.6047223777771,127.0119196884
317,이디야,종암동점,서울 성북구 종암로 105 (종암동),서울특별시,성북구,37.599529561702,127.033953910223
318,이디야,하월곡동점,서울 성북구 오패산로 16 (하월곡동),서울특별시,성북구,37.6036628449752,127.037558381835
319,이디야,한성대점,서울 성북구 삼선교로 10 (삼선동1가),서울특별시,성북구,37.5877335935159,127.006908254016
320,이디야,가든파이브점,"서울 송파구 충민로 10 (문정동, 가든파이브툴)",서울특별시,송파구,37.4786173172251,127.119106729654
321,이디야,가든파이브테크노관점,"서울 송파구 충민로 66 (문정동, 가든파이브라이프)",서울특별시,송파구,37.4776148442516,127.124961768886
322,이디야,가락몰점,"서울 송파구 양재대로 932 (가락동, 가락몰 판매동)",서울특별시,송파구,37.493255747885364,127.11673189696464
323,이디야,가락중앙점,서울 송파구 송이로 87 (가락동),서울특별시,송파구,37.498303976004735,127.12087308454156
324,이디야,개롱역점,"서울 송파구 오금로 407 (오금동, 상아아파트)",서울특별시,송파구,37.497859860518204,127.13573191111163
325,이디야,거여점,서울 송파구 오금로 497 (거여동),서울특별시,송파구,37.49352032166526,127.14434073545736
326,이디야,방이역점,서울 송파구 위례성대로18길 32 (방이동),서울특별시,송파구,37.5095632553432,127.124724557892
327,이디야,방이초교점,서울 송파구 가락로 280 (방이동),서울특별시,송파구,37.5127330893982,127.120016251041
328,이디야,삼전역점,서울 송파구 백제고분로 263 (삼전동),서울특별시,송파구,37.5027813622658,127.095799159025
329,이디야,삼전중앙점,서울 송파구 백제고분로27길 5 (삼전동),서울특별시,송파구,37.5036697979808,127.092579345276
330,이디야,서울삼성내과점,"서울 송파구 백제고분로 126 (잠실동, 오룡빌딩)",서울특별시,송파구,37.5061702039866,127.08075330646
331,이디야,석촌백제점,"서울 송파구 백제고분로39길 15 (석촌동, 삼경빌딩)",서울특별시,송파구,37.5056617466954,127.104455184706
332,이디야,석촌역점,"서울 송파구 송파대로 456 (송파동, 웅현빌딩)",서울특별시,송파구,37.5071903282914,127.105841889845
333,이디야,송파문정점,서울 송파구 송이로 159 (가락동),서울특별시,송파구,37.49292715289153,127.12526318784414
334,이디야,송파올림픽훼미리타운점,"서울 송파구 중대로 24 (문정동, 올림픽훼밀리타운 아카데미 상가)",서울특별시,송파구,37.49058756157332,127.11794613172696
335,이디야,송파위례점,"서울 송파구 위례광장로 188 (장지동, 아이온스퀘어)",서울특별시,송파구,37.480845018993676,127.14280133733737
336,이디야,송파파인타운점,"서울 송파구 충민로2길 28 (장지동, 대진플라자2)",서울특별시,송파구,37.4771576631775,127.127416903996
337,이디야,송파풍납점,서울 송파구 강동대로9길 17-1 (풍납동),서울특별시,송파구,37.5280970384524,127.11654304801
338,이디야,오금중앙점,"서울 송파구 위례성대로22길 18 (오금동, 이시돌빌딩)",서울특별시,송파구,37.5087791749502,127.1305037107547
339,이디야,올림픽공원점,서울 송파구 올림픽로 354 (방이동),서울특별시,송파구,37.5161703232576,127.109737321138
340,이디야,올림픽프라자점,서울 송파구 양재대로 1222 (방이동),서울특별시,송파구,37.51573785966157,127.13191560436993
341,이디야,위례포레샤인점,"서울 송파구 위례순환로 477 (장지동, 위례포레샤인23단지)",서울특별시,송파구,37.47494648104577,127.13442428248332
342,이디야,잠실본동점,"서울 송파구 백제고분로 172 (잠실동, 제이케이빌딩)",서울특별시,송파구,37.5047208554957,127.085852293902
343,이디야,잠실역점,"서울 송파구 송파대로 567 (잠실동, 잠실주공아파트)",서울특별시,송파구,37.51353974735096,127.0993615087665
344,이디야,강서초교점,서울 양천구 오목로 48 (신월동),서울특별시,양천구,37.5220328857283,126.842960509946
345,이디야,남부지방법원점,"서울 양천구 은행정로4길 25 (신정동, SM엘루이아파트)",서울특별시,양천구,37.5215008347482,126.862615322582
346,이디야,목3동점,"서울 양천구 목동중앙북로 38 (목동, 롯데캐슬위너아파트)",서울특별시,양천구,37.5479038468127,126.866954843863
347,이디야,목4동점,서울 양천구 목동중앙본로7길 46 (목동),서울특별시,양천구,37.5394782177954,126.866132172967
348,이디야,목동등촌로점,서울 양천구 등촌로 180 (목동),서울특별시,양천구,37.5456533733203,126.862739051043
349,이디야,목동센트럴아이파크위브점,서울 양천구 남부순환로 603 (신월동),서울특별시,양천구,37.5152188104643,126.840692066592
350,이디야,목동신목점,"서울 양천구 목동중앙로 85 (목동, 강산아파트)",서울특별시,양천구,37.5370101136194,126.871488815731
351,이디야,목동신트리점,"서울 양천구 신정로 312 (신정동, 뉴프라자)",서울특별시,양천구,37.51332646905488,126.85550236470392
352,이디야,목동아델리체점,"서울 양천구 중앙로43길 14 (신정동, 래미안 목동아델리체)",서울특별시,양천구,37.51805318749786,126.85263139671464
353,이디야,목동파라곤점,서울 양천구 목동서로 155 (목동),서울특별시,양천구,37.5299956155624,126.875071951863
354,이디야,목동파리공원점,서울 양천구 목동동로 379 (목동),서울특별시,양천구,37.5356098520363,126.878713495139
355,이디야,서남병원점,서울 양천구 신정동,서울특별시,양천구,37.5185526780281,126.854354325392
356,이디야,신월5동점,서울 양천구 화곡로 50 (신월동),서울특별시,양천구,37.5391685443624,126.827450259976
357,이디야,신월7동점,서울 양천구 지양로 79 (신월동),서울특별시,양천구,37.5224300656382,126.832990682262
358,이디야,신월사거리점,서울 양천구 남부순환로 353 (신월동),서울특별시,양천구,37.5356741789955,126.828923065237
359,이디야,신월신곡시장점,서울 양천구 신월로 172 (신월동),서울특별시,양천구,37.518310621798,126.842656786225
360,이디야,신정네거리역점,서울 양천구 중앙로 282 (신정동),서울특별시,양천구,37.5215539663804,126.85257881028
361,이디야,신정서부점,서울 양천구 신정로11길 50-15 (신정동),서울특별시,양천구,37.5122437279751,126.838326742145
362,이디야,양천구청점,서울 양천구 목동동로 63 (신정동),서울특별시,양천구,37.5153165387272,126.86231084967
363,이디야,오목교대학학원점,서울 양천구 오목로 319 (목동),서울특별시,양천구,37.5250775226211,126.873065467653
364,이디야,KBS별관점,"서울 영등포구 국제금융로8길 27-9 (여의도동, 동북빌딩)",서울특별시,영등포구,37.5196744579443,126.928930989749
365,이디야,국회의사당역점,"서울 영등포구 의사당대로 22 (여의도동, 이룸센터)",서울특별시,영등포구,37.526869878743,126.917843631999
366,이디야,남부고용센터점,서울 영등포구 양산로 71 (양평동3가),서울특별시,영등포구,37.525029038125,126.891103928762
367,이디야,당산버드나루점,서울 영등포구 버드나루로 87 (영등포동7가),서울특별시,영등포구,37.5259675849267,126.908721351403
368,이디야,당산역점,"서울 영등포구 당산로 222 (당산동5가, 당산디오빌)",서울특별시,영등포구,37.5332447828491,126.902291122854
369,이디야,당산중앙점,서울 영등포구 당산로 159 (당산동4가),서울특별시,영등포구,37.5288505614052,126.89756596732
370,이디야,대림1동점,서울 영등포구 도림로 198 (대림동),서울특별시,영등포구,37.49647205091008,126.9028549432193
371,이디야,대림3동점,서울 영등포구 대림로 212 (대림동),서울특별시,영등포구,37.4995960176959,126.898146282157
372,이디야,대림역점,서울 영등포구 도림로31길 2 (대림동),서울특별시,영등포구,37.4925289257081,126.895919529889
373,이디야,도림사거리점,서울 영등포구 도림로 326 (신길동),서울특별시,영등포구,37.5065848840091,126.9018098073
374,이디야,도림점,"서울 영등포구 도신로15길 40 (도림동, 도림빌딩)",서울특별시,영등포구,37.5086080352152,126.896572544617
375,이디야,라이프점,"서울 영등포구 63로 40 (여의도동, 라이프오피스텔)",서울특별시,영등포구,37.5196351977246,126.939136417577
376,이디야,보라매역점,서울 영등포구 여의대방로 141 (신길동),서울특별시,영등포구,37.4996793942781,126.919957889888
377,이디야,서여의도점,"서울 영등포구 국회대로72길 4 (여의도동, 아이비피아빌딩)",서울특별시,영등포구,37.5303335810073,126.919916432847
378,이디야,선유도역점,서울 영등포구 양평로 126 (양평동5가),서울특별시,영등포구,37.5382334285342,126.893922350178
379,이디야,신길성애병원점,서울 영등포구 여의대방로53길 27 (신길동),서울특별시,영등포구,37.511854826249035,126.92152601914932
380,이디야,신길썬프라자점,서울 영등포구 신길로 42 (신길동),서울특별시,영등포구,37.4964707028524,126.908618171148
381,이디야,신길아이파크점,서울 영등포구 도림로 280 (신길동),서울특별시,영등포구,37.5029405804778,126.904213869543
382,이디야,신길역점,서울 영등포구 영등포로 353 (신길동),서울특별시,영등포구,37.5150693438158,126.918084717307
383,이디야,양평동2가점,"서울 영등포구 선유서로25길 19 (양평동2가, 오목교투웨니퍼스트)",서울특별시,영등포구,37.524529915593526,126.88358139719749
384,이디야,여의나루역점,서울 영등포구 여의나루로 113 (여의도동),서울특별시,영등포구,37.5260558187275,126.930769729764
385,이디야,여의도농협재단점,"서울 영등포구 국제금융로8길 2 (여의도동, 농협재단빌딩)",서울특별시,영등포구,37.5220163808659,126.930048684376
386,이디야,여의도역점,"서울 영등포구 의사당대로 108 (여의도동, 아일렉스)",서울특별시,영등포구,37.5210144173791,126.923991634451
387,이디야,영등포knk점,"서울 영등포구 영신로 220 (영등포동8가, KnK디지털타워)",서울특별시,영등포구,37.52667482397141,126.90422425738349
388,이디야,영등포그랜드점,"서울 영등포구 양산로9길 15 (양평동3가, 그랜드타워)",서울특별시,영등포구,37.526790955173,126.888600855285
389,이디야,영등포시장점,서울 영등포구 영등포로35길 19 (영등포동6가),서울특별시,영등포구,37.522687,126.904554
390,이디야,영등포아크로타워점,"서울 영등포구 국회대로54길 10 (영등포동7가, 아크로타워 스퀘어)",서울특별시,영등포구,37.5236586861947,126.906430209934
391,이디야,영등포에이스점,서울 영등포구 경인로 775 (문래동3가),서울특별시,영등포구,37.5147464245043,126.897536835727
392,이디야,영등포점,서울 영등포구 영중로 16-1 (영등포동3가),서울특별시,영등포구,37.51787131047062,126.90613304012865
393,이디야,영등포코레일점,"서울 영등포구 경인로 846 (영등포동, 영등포 민자역사)",서울특별시,영등포구,37.5156680341198,126.907665995469
394,이디야,영등포홈플러스점,"서울 영등포구 당산로 42 (문래동3가, 홈플러스)",서울특별시,영등포구,37.50324896699568,127.02455282046348
395,이디야,한강성심병원점,서울 영등포구 버드나루로 51 (영등포동2가),서울특별시,영등포구,37.5230740112737,126.910598895613
396,이디야,한국수출입은행점,"서울 영등포구 은행로 38 (여의도동, 한국수출입은행빌딩)",서울특별시,영등포구,37.5286372332436,126.923399003703
397,이디야,힐스테이트클래시안점,"서울 영등포구 신길로28길 9 (신길동, 힐스테이트 클래시안)",서울특별시,영등포구,37.50498841878383,126.91093600723607
398,이디야,갈현점,서울 은평구 갈현로 268 (갈현동),서울특별시,은평구,37.6206319523994,126.916658816351
399,이디야,구산사거리점,서울 은평구 서오릉로 195 (구산동),서울특별시,은평구,37.61346014720294,126.91190260226251
400,이디야,구산역점,서울 은평구 연서로 148 (대조동),서울특별시,은평구,37.611979902816174,126.91762675639762
401,이디야,구파발역점,"서울 은평구 진관2로 29-21 (진관동, 드림스퀘어)",서울특별시,은평구,37.635741734904,126.919341649662
402,이디야,녹번동점,"서울 은평구 진흥로 156 (녹번동, 신명빌딩)",서울특별시,은평구,37.60875371667509,126.92690582152823
403,이디야,백련산아이파크점,"서울 은평구 응암로 264 (응암동, 서울빌딩)",서울특별시,은평구,37.59534169809925,126.91882273114795
404,이디야,본서부병원점,"서울 은평구 응암로 337 (응암동, 빛터룩스 빌딩)",서울특별시,은평구,37.60130668380729,126.92212973358569
405,이디야,불광중앙점,서울 은평구 불광로 59 (불광동),서울특별시,은평구,37.61232903413161,126.93174133362822
406,이디야,새절역점,서울 은평구 가좌로 272 (신사동),서울특별시,은평구,37.59318462886998,126.91361081200473
407,이디야,서광교회점,"서울 은평구 통일로 951 (갈현동, 서광교회)",서울특별시,은평구,37.6277461902526,126.919185124303
408,이디야,수색역점,서울 은평구 수색로 250 (수색동),서울특별시,은평구,37.581926311730484,126.89630783479784
409,이디야,역촌동점,서울 은평구 갈현로 82 (역촌동),서울특별시,은평구,37.60527601006437,126.91070049318746
410,이디야,역촌사거리점,서울 은평구 서오릉로 100 (대조동),서울특별시,은평구,37.60895709646973,126.92093711755628
411,이디야,역촌역점,서울 은평구 진흥로 95 (역촌동),서울특별시,은평구,37.6054420445568,126.922124290438
412,이디야,역촌진흥로점,서울 은평구 진흥로1길 3 (역촌동),서울특별시,은평구,37.60076733486699,126.91863338447128
413,이디야,연신내역점,서울 은평구 통일로 855-9 (갈현동),서울특별시,은평구,37.6188948297727,126.919884176889
414,이디야,연신내통일로점,서울 은평구 통일로 876 (불광동),서울특별시,은평구,37.6212043252743,126.920274642424
415,이디야,은평구청점,서울 은평구 은평로 197 (녹번동),서울특별시,은평구,37.601551874463,126.92948914955393
416,이디야,은평뉴타운점,"서울 은평구 진관3로 70 (진관동, 은평뉴타운상림마을)",서울특별시,은평구,37.6422598317106,126.923141080933
417,이디야,은평신사점,"서울 은평구 갈현로1길 21 (신사동, 새마을금고신사동제2분사무소)",서울특별시,은평구,37.5992730543067,126.907863200941
418,이디야,응암역점,"서울 은평구 연서로 9 (역촌동, 센타폴리스)",서울특별시,은평구,37.600098929318705,126.91561001336949
419,이디야,응암오거리점,서울 은평구 응암로 211 (응암동),서울특별시,은평구,37.59090765819004,126.91715178773087
420,이디야,응암중앙점,서울 은평구 응암로 183 (응암동),서울특별시,은평구,37.588465564633815,126.91657705577255
421,이디야,증산동점,서울 은평구 증산서길 78 (증산동),서울특별시,은평구,37.5833665429509,126.906550600654
422,이디야,경복궁역점,"서울 종로구 자하문로 7 (체부동, 성명빌딩)",서울특별시,종로구,37.5767147965826,126.972206795305
423,이디야,경희궁점,서울 종로구 경희궁1길 16 (신문로2가),서울특별시,종로구,37.5716953499755,126.970696336246
424,이디야,광화문점,서울 종로구 세종대로23길 15 (도렴동),서울특별시,종로구,37.57150699708368,126.97565344843615
425,이디야,낙원동점,서울 종로구 낙원동,서울특별시,종로구,37.5725577161916,126.988607627918
426,이디야,대학로점,서울 종로구 대학로10길 17 (동숭동),서울특별시,종로구,37.5820961487244,127.003178474246
427,이디야,독립문역점,서울 종로구 통일로 266 (무악동),서울특별시,종로구,37.5758473655224,126.956783269179
428,이디야,동대문역점,"서울 종로구 율곡로 286 (종로6가, 야드인빌딩)",서울특별시,종로구,37.57184800694998,127.00805518188871
429,이디야,동묘역점,서울 종로구 종로 354 (숭인동),서울특별시,종로구,37.5731062277843,127.016794023623
430,이디야,배화여대점,서울 종로구 필운대로1길 35 (필운동),서울특별시,종로구,37.5777983064688,126.967517691017
431,이디야,북촌마을점,서울 종로구 북촌로5길 39 (화동),서울특별시,종로구,37.5793376128612,126.982701926649
432,이디야,삼일빌딩점,서울 종로구 삼일대로15길 13 (관철동),서울특별시,종로구,37.5687803685297,126.986738925326
433,이디야,상명대점,서울 종로구 홍지동,서울특별시,종로구,37.6007910021228,126.956587544473
434,이디야,성균관대점,서울 종로구 성균관로 8 (명륜2가),서울특별시,종로구,37.5836585925455,126.998337309053
435,이디야,숭인점,서울 종로구 숭인동길 6 (숭인동),서울특별시,종로구,37.5752699068368,127.021595350369
436,이디야,신설점,서울 종로구 난계로29길 30 (숭인동),서울특별시,종로구,37.5742373886978,127.021476077131
437,이디야,안국역사점,"서울 종로구 율곡로 지하 62 (안국동, 3호선 안국역)",서울특별시,종로구,37.5767203705556,126.985823042976
438,이디야,종로3가점,서울 종로구 종로 126 (종로3가),서울특별시,종로구,37.5701023901699,126.991536823031
439,이디야,종로4가점,서울 종로구 김상옥로 1 (인의동),서울특별시,종로구,37.573504922526,126.997895712568
440,이디야,종로5가점,서울 종로구 대학로 33 (효제동),서울특별시,종로구,37.574075527144224,127.00182933693897
441,이디야,종로교차로점,서울 종로구 동호로 406-1 (종로5가),서울특별시,종로구,37.57062831400788,127.00218468908556
442,이디야,종로구청점,서울 종로구 수송동,서울특별시,종로구,37.5736775113542,126.980610942957
443,이디야,종로삼일대로점,서울 종로구 삼일대로 390-1 (관철동),서울특별시,종로구,37.5694514711928,126.987964250478
444,이디야,종로이화동점,서울 종로구 낙산성곽서1길 10 (이화동),서울특별시,종로구,37.5774862427837,127.008183259977
445,이디야,종로타워점,"서울 종로구 종로 51 (종로2가, 종로타워)",서울특별시,종로구,37.5707451369668,126.983611410428
446,이디야,창덕궁점,서울 종로구 돈화문로 41-1 (묘동),서울특별시,종로구,37.57228044824555,126.99142858488984
447,이디야,창신동점,서울 종로구 종로 316-1 (창신동),서울특별시,종로구,37.5720247998631,127.012925903352
448,이디야,창신중앙점,서울 종로구 지봉로 64 (숭인동),서울특별시,종로구,37.5757294269114,127.015830340656
449,이디야,탑골공원점,서울 종로구 낙원동,서울특별시,종로구,37.5725577161916,126.988607627918
450,이디야,혜화동로터리점,서울 종로구 혜화로 3-1 (혜화동),서울특별시,종로구,37.5860668674463,127.000571872704
451,이디야,혜화역점,서울 종로구 창경궁로 258-15 (명륜2가),서울특별시,종로구,37.5835966141203,127.00065076533
452,이디야,IBK본점,"서울 중구 을지로 79 (을지로2가, 기업은행)",서울특별시,중구,37.56644251292965,126.98717557400126
453,이디야,광희동점,서울 중구 마른내로 165-1 (광희동1가),서울특별시,중구,37.5646262614728,127.006509285173
454,이디야,다동점,서울 중구 다동길 46 (다동),서울특별시,중구,37.5678614943581,126.981726148037
455,이디야,동국대후문점,"서울 중구 창경궁로 2 (충무로5가, 남경빌딩)",서울특별시,중구,37.5625572053404,126.9986915916533
456,이디야,동대문점,서울 중구 을지로43길 38 (을지로6가),서울특별시,중구,37.5677113760105,127.007765983844
457,이디야,동대문팀204점,"서울 중구 마장로 30 (신당동, Team204)",서울특별시,중구,37.5677127859728,127.013196592402
458,이디야,동평화점,서울 중구 청계천로 318 (신당동),서울특별시,중구,37.5693565845148,127.013791492597
459,이디야,만리동고개점,"서울 중구 만리재로 175 (만리동2가, 서울역센트럴자이),402동 102호",서울특별시,중구,37.55193347815062,126.96257532807736
460,이디야,명동거리점,"서울 중구 명동8가길 7 (충무로2가, 프리엠상가)",서울특별시,중구,37.5617602798822,126.985404271845
461,이디야,명동역점,서울 중구 퇴계로 103 (충무로1가),서울특별시,중구,37.5608740391449,126.983217097792
462,이디야,명동중앙점,"서울 중구 명동7길 21 (을지로2가, 명동아르누보센텀)",서울특별시,중구,37.5647312946952,126.983858910559
463,이디야,북창동점,서울 중구 남대문로1길 57-1 (태평로2가),서울특별시,중구,37.5636463684929,126.977568053773
464,이디야,서소문점,서울 중구 서소문로11길 8 (서소문동),서울특별시,중구,37.5632737727618,126.973094520683
465,이디야,서울시청점,"서울 중구 세종대로20길 23 (무교동, 원창빌딩)",서울특별시,중구,37.5671518187227,126.978729588014
466,이디야,신당점,서울 중구 다산로35길 11 (신당동),서울특별시,중구,37.563539806566,127.014848931952
467,이디야,신당중앙점,서울 중구 퇴계로 455 (황학동),서울특별시,중구,37.5655864141353,127.022323414056
468,이디야,약수역점,서울 중구 동호로 186-13 (신당동),서울특별시,중구,37.5545374942506,127.01163453252
469,이디야,오장동점,서울 중구 마른내로 109-1 (오장동),서울특별시,중구,37.5646143674959,127.000127901565
470,이디야,을지로3가점,서울 중구 수표로 45 (저동2가),서울특별시,중구,37.5653393912938,126.989596182183
471,이디야,을지로중앙점,서울 중구 마른내로 49 (인현동1가),서울특별시,중구,37.5644739023203,126.993478277513
472,이디야,정동점,서울 중구 정동길 2-1 (정동),서울특별시,중구,37.5679813745371,126.969346954167
473,이디야,중림브라운스톤점,"서울 중구 청파로 464 (중림동, 브라운스톤서울)",서울특별시,중구,37.5608187887289,126.968225883547
474,이디야,충무로점,서울 중구 퇴계로 188 (필동1가),서울특별시,중구,37.5608336414794,126.992554920561
475,이디야,충무아트홀점,서울 중구 퇴계로 381-1 (신당동),서울특별시,중구,37.565280545198,127.01399810196
476,이디야,충무필동점,서울 중구 퇴계로 218-5 (필동2가),서울특별시,중구,37.561380272679,126.996296560896
477,이디야,태평로점,서울 중구 세종대로11길 26 (서소문동),서울특별시,중구,37.5623140006705,126.974582779311
478,이디야,퇴계로2길점,서울 중구 퇴계로2길 1 (남창동),서울특별시,중구,37.55756848236245,126.97740146915775
479,이디야,한국은행점,서울 중구 남대문로 29-2 (남대문로3가),서울특별시,중구,37.5614426077681,126.978964253808
480,이디야,회현SK리더스점,"서울 중구 퇴계로 72 (회현동1가, 리더스뷰남산)",서울특별시,중구,37.5591253443035,126.980603849217
481,이디야,강동고덕교차로점,"서울 강동구 고덕로 421 (강일동, 대한연세요양원)",서울특별시,강동구,37.5574052401914,127.172575598882
482,이디야,강동구청점,"서울 강동구 성내로6길 20 (성내동, 청일 베르네)",서울특별시,강동구,37.5289268276291,127.122365834821
483,이디야,강동성내점,서울 강동구 풍성로 162 (성내동),서울특별시,강동구,37.5305040538801,127.129853009462
484,이디야,강동신명초교점,"서울 강동구 명일로 260 (길동, 길동신동아아파트)",서울특별시,강동구,37.5411339937801,127.147402025244
485,이디야,강동역점,"서울 강동구 천호대로 1065 (천호동, 강동상떼빌)",서울특별시,강동구,37.5370371637538,127.130464913259
486,이디야,고덕강일2지구점,서울 강동구 아리수로93나길 76 (강일동),서울특별시,강동구,37.5724724003773,127.175933655982
487,이디야,고덕그라시움후문점,서울 강동구 동남로82길 121 (고덕동),서울특별시,강동구,37.56039666265223,127.16370018873648
488,이디야,고덕점,"서울 강동구 동남로75길 19 (명일동, 명일빌딩)",서울특별시,강동구,37.55413723208973,127.15518054387726
489,이디야,굽은다리역점,서울 강동구 양재대로 1543 (천호동),서울특별시,강동구,37.5435065290527,127.141864467088
490,이디야,길동사거리점,서울 강동구 천호대로 1132 (성내동),서울특별시,강동구,37.5340717110259,127.136981871571
491,이디야,길동역점,서울 강동구 양재대로 1471 (길동),서울특별시,강동구,37.5373607499164,127.139268457231
492,이디야,길동중앙점,서울 강동구 명일로 200 (길동),서울특별시,강동구,37.5365378431537,127.145928885855
493,이디야,둔촌점,서울 강동구 양재대로 1377 (성내동),서울특별시,강동구,37.5292227276953,127.136262071919
494,이디야,명일역점,"서울 강동구 구천면로 424 (명일동, 명일메가타운)",서울특별시,강동구,37.550410338798194,127.14556505383719
495,이디야,명일중앙점,"서울 강동구 상암로 210 (명일동, 명일현대종합상가)",서울특별시,강동구,37.5462992589271,127.145789262651
496,이디야,보훈병원점,"서울 강동구 명일로 110 (둔촌동, 둔촌동암펠로스타워)",서울특별시,강동구,37.5288078485418,127.143165938025
497,이디야,상일리엔파크점,"서울 강동구 상일로 74 (상일동, 고덕리엔파크3단지아파트)",서울특별시,강동구,37.55139001231505,127.17398322022565
498,이디야,암사중앙점,"서울 강동구 암사길 50 (암사동, 제이빌더스)",서울특별시,강동구,37.5513635720856,127.134728442286
499,이디야,올림픽북문점,서울 강동구 성안로 7 (성내동),서울특별시,강동구,37.5245413697762,127.12890032958
500,이디야,천호1동점,"서울 강동구 구천면로34길 43 (천호동, 헤리티지)",서울특별시,강동구,37.5425666122483,127.13359431159
501,이디야,천호로데오점,서울 강동구 천호대로 1027 (천호동),서울특별시,강동구,37.5381084632581,127.126395521678
502,이디야,천호중앙점,"서울 강동구 올림픽로 660 (천호동, 천호엘크루주상복합)",서울특별시,강동구,37.54016837687974,127.12456936024019
503,이디야,천호초교사거리점,"서울 강동구 구천면로 304 (천호동, 일주빌딩)",서울특별시,강동구,37.5467270340876,127.134809493652
504,이디야,천호현대점,서울 강동구 올림픽로 665 (천호동),서울특별시,강동구,37.5409246865992,127.123873832581
505,이디야,개봉북부점,서울 구로구 경인로40길 12 (개봉동),서울특별시,구로구,37.4962642022543,126.859131313522
506,이디야,개봉역점,서울 구로구 남부순환로97길 11 (개봉동),서울특별시,구로구,37.49425567906598,126.85837744421302
507,이디야,개봉현대점,서울 구로구 개봉로 69 (개봉동),서울특별시,구로구,37.4919033153723,126.85561013455
508,이디야,고척사거리점,"서울 구로구 고척로 228-6 (고척동, 종만빌딩)",서울특별시,구로구,37.50590782693333,126.8582904039366
509,이디야,고척스카이돔점,"서울 구로구 경인로 397 (고척동, 골든타워빌딩)",서울특별시,구로구,37.49757339497824,126.86392369544526
510,이디야,구로NC점,서울 구로구 구로동로 240 (구로동),서울특별시,구로구,37.5000087655668,126.88269870264
511,이디야,구로구청점,"서울 구로구 가마산로25길 9 (구로동, 네오팰리스)",서울특별시,구로구,37.4966251468796,126.890315032666
512,이디야,구로궁동점,서울 구로구 오리로 1304 (궁동) 1층,서울특별시,구로구,37.497825883946476,126.82937821925746
513,이디야,구로미성점,"서울 구로구 구로중앙로 228 (신도림동, 기임빌딩)",서울특별시,구로구,37.50618302845446,126.87671651690317
514,이디야,구로역광장점,"서울 구로구 경인로 572 (구로동, 스타팰리스)",서울특별시,구로구,37.50330519053889,126.88108330547095
515,이디야,구로이마트점,서울 구로구 디지털로32길 43 (구로동),서울특별시,구로구,37.4843992290119,126.897885833718
516,이디야,구로코레일점,"서울 구로구 구로중앙로 174 (구로동, 구로역)",서울특별시,구로구,37.50246213304171,126.88136511388151
517,이디야,구로하버라인점,"서울 구로구 항동로3길 6 (항동, 가온 프라자)",서울특별시,구로구,37.4808134179081,126.824263948518
518,이디야,구일역점,"서울 구로구 구일로 110 (구로동, 해원리버파크)",서울특별시,구로구,37.49494013521619,126.87192053744891
519,이디야,남구로역점,서울 구로구 디지털로27길 127 (가리봉동),서울특별시,구로구,37.4847108131575,126.887109265789
520,이디야,성공회대점,서울 구로구 연동로 312 (항동),서울특별시,구로구,37.4877304207618,126.824364209502
521,이디야,신도림메르디앙점,"서울 구로구 신도림로 65 (신도림동, 신도림월드메르디앙오피스텔)",서울특별시,구로구,37.509567497413,126.882036112811
522,이디야,신도림테크노마트점,서울 구로구 새말로 97 (구로동),서울특별시,구로구,37.5070438414784,126.890227293528
523,이디야,오류남부점,서울 구로구 오류로8길 65 (오류동),서울특별시,구로구,37.492655036705,126.843791876958
524,이디야,오류북부역점,서울 구로구 경인로20길 6 (오류동),서울특별시,구로구,37.4954038170325,126.843376566816
525,이디야,천왕이펜하우스점,서울 구로구 천왕로 36 (천왕동),서울특별시,구로구,37.4808996260751,126.83937984931
526,이디야,경희대점,서울 동대문구 경희대로 4 (회기동),서울특별시,동대문구,37.59203327648363,127.05250416385545
527,이디야,경희대캠퍼스점,"서울 동대문구 경희대로 26 (회기동, 경희대학교,경희초,중,고,여자중고등학교)",서울특별시,동대문구,37.595279710668244,127.05111084006763
528,이디야,답십리사거리점,서울 동대문구 답십리로 145 (답십리동),서울특별시,동대문구,37.573052190180896,127.05611323484102
529,이디야,답십리파크자이점,"서울 동대문구 한천로 55 (답십리동, 영진빌딩)",서울특별시,동대문구,37.5669101962131,127.061880899304
530,이디야,동대문구청점,서울 동대문구 천호대로 153-1 (용두동),서울특별시,동대문구,37.5736135434364,127.040640800113
531,이디야,동부병원사거리점,서울 동대문구 무학로 104 (용두동),서울특별시,동대문구,37.5735114412289,127.030891222547
532,이디야,배봉초교사거리점,서울 동대문구 답십리로63길 131 (장안동),서울특별시,동대문구,37.5785099656673,127.069336090359
533,이디야,서울시립대점,"서울 동대문구 서울시립대로 164 (전농동, 도석프라자)",서울특별시,동대문구,37.58327457593998,127.0548189288785
534,이디야,신설동역점,서울 동대문구 천호대로 11-3 (신설동),서울특별시,동대문구,37.57504733413244,127.02493296369806
535,이디야,용두동사거리점,서울 동대문구 왕산로 68 (용두동),서울특별시,동대문구,37.5774850954352,127.030898977222
536,이디야,용두동점,서울 동대문구 고산자로 413-1 (용두동),서울특별시,동대문구,37.5766607970206,127.037934015806
537,이디야,이문점,서울 동대문구 신이문로 19 (이문동),서울특별시,동대문구,37.6031419104525,127.064253948955
538,이디야,장안동사거리점,서울 동대문구 답십리로 309 (장안동),서울특별시,동대문구,37.5723544570231,127.074804796028
539,이디야,장안동점,서울 동대문구 장한로 43 (장안동),서울특별시,동대문구,37.5651048537887,127.066709928024
540,이디야,장안중랑천점,서울 동대문구 장한로18길 32 (장안동),서울특별시,동대문구,37.56754823943685,127.07077591338621
541,이디야,장안중앙점,서울 동대문구 사가정로25길 42 (장안동),서울특별시,동대문구,37.5806820979802,127.070975935766
542,이디야,장한평군자초교점,서울 동대문구 한천로2길 53 (장안동),서울특별시,동대문구,37.562872788703984,127.06144791110912
543,이디야,전농사거리점,서울 동대문구 사가정로 132 (전농동),서울특별시,동대문구,37.5775954065724,127.059523151526
544,이디야,청량리점,서울 동대문구 왕산로 225 (청량리동),서울특별시,동대문구,37.5821227010138,127.047209103701
545,이디야,촬영소사거리점,서울 동대문구 답십리로 264 (장안동),서울특별시,동대문구,37.5722815601428,127.069508490646
546,이디야,회기역중앙점,서울 동대문구 회기로 194-1 (휘경동),서울특별시,동대문구,37.58980550001833,127.05749583678211
547,이디야,논골사거리점,서울 성동구 난계로 35 (금호동1가),서울특별시,성동구,37.5555256358422,127.024481346904
548,이디야,마장동점,서울 성동구 고산자로 339-2 (마장동),서울특별시,성동구,37.5700205589407,127.037356633974
549,이디야,마장역점,서울 성동구 마장로 293-1 (마장동),서울특별시,성동구,37.5659440041462,127.042171365841
550,이디야,상왕십리역점,서울 성동구 무학봉15길 27 (하왕십리동),서울특별시,성동구,37.5637091555598,127.030171840031
551,이디야,성동구청점,서울 성동구 고산자로 269 (도선동),서울특별시,성동구,37.5636973196685,127.035773854876
552,이디야,성수2가점,서울 성동구 성덕정길 106 (성수동2가),서울특별시,성동구,37.5371594440377,127.055104789531
553,이디야,성수아카데미점,서울 성동구 성수이로 118 (성수동2가),서울특별시,성동구,37.5451736913181,127.057857254458
554,이디야,성수우리W타워점,서울 성동구 아차산로15길 19 (성수동2가),서울특별시,성동구,37.54487737059238,127.06190839848826
555,이디야,성수중앙점,"서울 성동구 성수일로6길 47 (성수동2가, 현성빌딩)",서울특별시,성동구,37.5442986313772,127.055243229076
556,이디야,신금호역점,서울 성동구 금호산길 64 (금호동2가),서울특별시,성동구,37.5538955577205,127.019619326587
557,이디야,옥수동점,서울 성동구 매봉길 12 (옥수동),서울특별시,성동구,37.5452980059274,127.015693205964
558,이디야,왕십리비트플렉스점,서울 성동구 왕십리광장로 17 (행당동),서울특별시,성동구,37.5614417528647,127.038394194396
559,이디야,왕십리센트라스점,서울 성동구 무학로 22 (홍익동),서울특별시,성동구,37.566082525209,127.0303063608
560,이디야,왕십리역점,서울 성동구 왕십리로 309 (행당동),서울특별시,성동구,37.5613776986706,127.034582633625
561,이디야,응봉동점,"서울 성동구 독서당로 381 (응봉동, 현대종합상가)",서울특별시,성동구,37.5501947813107,127.030692950226
562,이디야,텐즈힐점,"서울 성동구 무학로 33 (하왕십리동, 텐즈힐)",서울특별시,성동구,37.5691641596929,127.02634785313
563,이디야,IBK고객센터점,"서울 용산구 한남대로 72 (한남동, IBK기업은행고객센터)",서울특별시,용산구,37.53494410336005,127.00692431290224
564,이디야,동부이촌동점,서울 용산구 이촌로77길 19 (이촌동),서울특별시,용산구,37.5205536707079,126.974666973357
565,이디야,동자동점,서울 용산구 후암로 93 (동자동),서울특별시,용산구,37.5533528859435,126.975117496502
566,이디야,삼각지점,서울 용산구 한강대로 138 (한강로2가),서울특별시,용산구,37.5314472493671,126.970454816197
567,이디야,숙대입구역점,서울 용산구 한강대로 289 (갈월동),서울특별시,용산구,37.5440581079411,126.971964095596
568,이디야,순천향병원점,서울 용산구 대사관로 72,서울특별시,용산구,37.5330952126175,127.005947068599
569,이디야,용문점,서울 용산구 원효로41길 73 (원효로2가),서울특별시,용산구,37.53584882357322,126.9611373908156
570,이디야,용산원효점,"서울 용산구 원효로 70 (원효로4가, 신정빌딩)",서울특별시,용산구,37.5325054872953,126.951642152118
571,이디야,용산청파점,"서울 용산구 청파로71길 10 (청파동1가, 새마을금고)",서울특별시,용산구,37.5494639189725,126.969413497587
572,이디야,용산효창점,서울 용산구 효창원로66길 2 (효창동),서울특별시,용산구,37.540537976136086,126.96220762686157
573,이디야,원효로점,서울 용산구 원효로 257 (원효로1가),서울특별시,용산구,37.5405688166185,126.969114679317
