peopleNm,peopleNmEn,cast,castEn,movieCode
설경구,SUL Kyung-gu,,,20214823
이하늬,LEE Ha-nee,,,20214823
박소담,PARK So-dam,,,20214823
박해수,PARK Haesoo,,,20214823
서현우,SEO Hyun-woo,,,20214823
김동희,,,,20214823
김중희,,,,20214823
고인범,KO In-peom,,,20214823
조하석,CHO Ha-seok,,,20214823
서진원,SEO Jin-won,,,20214823
유경훈,,,,20214823
박상훈,PARK Sang-hoon,,,20214823
김명선,KIM Myung-sun,,,20214823
한우열,,,,20214823
윤정섭,,,,20214823
손경표,,,,20214823
김영택,KIM Young-taek,,,20214823
김형서,,,,20214823
박가영,Park Ga-young,,,20214823
금새록,KEUM Sae-rok,,,20214823
공대유,,,,20214823
김혜옥,KIM Hye-ok,,,20214823
김종수,KIM Jong-soo,,,20214823
이솜,E Som,,,20214823
이주영,LEE Joo-young,,,20214823
신현준,SHIN Hyun-joon,,,20211317
이문식,LEE Moon-sik,,,20211317
김민경,KIM Min-gyeong,,,20211317
이로운,LEE Ro-un,,,20211317
김병춘,KIM Byung-chun,,,20211317
홍은기,HONG Eun-ki,,,20211317
최성원,CHOI Sung-won,,,20211317
박재훈,PARK Jae-hun,,,20211317
이현걸,,,,20211317
이정민,LEE Jung-min,,,20211317
조영택,,,,20211317
조명행,,,,20211317
김동혁,,,,20211317
김희영,Kim Huiyeong,,,20211317
이규탁,,,,20211317
김림후,,,,20211317
김현섭,,,,20211317
공재민,,,,20211317
김동일,,,,20211317
김경탁,,,,20211317
이우신,,,,20211317
백승현,,,,20211317
권라희,,,,20211317
강진우,,,,20211317
이다령,,,,20211317
오재윤,,,,20211317
윤여성,,,,20211317
신현용,,,,20211317
이상헌,,,,20211317
신지연,,,,20211317
민경진,MIN Kyung-jin,,,20211317
이정민,,아편쟁이,,20211317
박성웅,PARK Sung-woong,나웅남/이정학,,20210544
최민수,CHOI Min-soo,이정식,,20210544
오달수,OH Dal-su,나복천,,20210544
염혜란,YEOM Hye-ran,장경숙,,20210544
윤제문,YOON Je-moon,오일곤,,20210544
이이경,YI Yi-kyung,말봉,,20210544
백지혜,,나라,,20210544
서동원,SEO Dong-won,성형사,,20210544
한다솔,,유형사,,20210544
정우성,JUNG Woo-sung,우두머리 멧돼지,,20210544
안일권,,건달,,20210544
김기천,KIM Ki-chun,파출소장,,20210544
변진수,,최경사,,20210544
최선자, ,배씨할머니,,20210544
양주호,YANG Zu-ho,용대리,,20210544
곽민호,KWAK Min-ho,고대리,,20210544
장덕출,,덕출,,20210544
김광식,,장대식,,20210544
김종구,KIM Jong-gu,경찰국장,,20210544
노기홍,,경찰간부2,,20210544
정규석,,형사3,,20210544
정기욱,,경찰1,,20210544
고덕원,,경찰2,,20210544
이서율,,경찰3,,20210544
박강토,,교통경찰,,20210544
양동혁,,반장,,20210544
오지영,,말봉엄마,,20210544
설도희,,상인1,,20210544
김미성,KIM Mi-seong,상인2,,20210544
이광훈,,마을주민1,,20210544
허진성,,마을주민2,,20210544
이성하,,숲속 사내2,,20210544
정현옥,,재소자,,20210544
전지학,,대학교수,,20210544
유병선,Yoo Byeongsun,야바위꾼,,20210544
김인석,,노인1,,20210544
이얀,LEE Yan,이정식 부하1,,20210544
하회정,,이정식 부하2,,20210544
한상경,,이정학 부하1,,20210544
전재현,,이정학 부하2,,20210544
강준규,GANG Jun-gyu,고딩8,,20210544
김대근,,이정식 부하6,,20210544
곽기훈,,이정식 부하7,,20210544
문웅기,,이정식 부하10,,20210544
류한종,,이정식 부하12,,20210544
이민교,,이정식 부하15,,20210544
양해준,,이정학 부하4,,20210544
박건주,,이정학 부하5,,20210544
소계원,,이정학 부하6,,20210544
장두경,,이정학 부하7,,20210544
송인준,,중국 사내5,,20210544
인선호,,중국 사내6,,20210544
문기환,,중국 사내9,,20210544
정우철,,중국 사내14,,20210544
장효준,,폐창고 사내3,,20210544
정유동,JOUNG You-dong,음주운전자1,,20210544
노일환,,음주운전자3,,20210544
홍기주,hong kijoo,중국 사내13,,20210544
서현우,SEO HYUN WOO,형사1,,20210544
장소영,,지원,,20212705
김경진,,경진,,20212705
김동찬,,동찬,,20212705
김솔비,,지은,,20212705
장영,,매니저,,20212705
김대윤,,점쟁이,,20212705
이서현,,연희,,20212705
최유정,,알바,,20212705
이유신,,거래처 대표,,20212705
김유리,,미스터리X,,20212705
박수연,,찐팬1,,20212705
한여름,,찐팬2,,20212705
김대범,,술집 사장,,20212705
연운경,,死母(춘자),,20223137
김뢰하,KIM Roi-ha,길남,,20223137
이철민,LEE Cheol-min,길중,,20223137
정경호,JUNG Kyung-ho,길영,,20223137
박효준,PARK Hyo-jun,춘복,,20223137
전운종,JEON Woon-jong,길호,,20223137
안민영,AHN Min-young,영숙,,20223137
엄주연,,미영,,20223137
한지서,,세라,,20223137
이현웅,LEE Hyun-woong,장씨,,20223137
김민식,kimminsik,민식,,20223137
김필,,경장,,20223137
나미희,,리포터,,20223137
문호진,,문피디,,20223137
이광수,,순경1,,20223137
신정만,SIN Jeong-man,순경2,,20223137
문경민,,노인,,20223137
유승일,,이장,,20223137
성낙경,,성씨,,20223137
박재현,,정씨,,20223137
이관호,,이씨,,20223137
이기문,,방씨,,20223137
박진수,BARK JIN SOO,고씨,,20223137
정제우,,우제,,20223137
이자은,,자영,,20223137
룡세형,,목사,,20223137
이진우,,스님,,20223137
김숙인,,무당,,20223137
홍석연,HONG Seok-youn,마을어른,,20223137
김나윤,,아낙1,,20223137
노은정,,아낙2,,20223137
김설희,,베트남아낙,,20223137
박상현,,마을청년,,20223137
오누리,,미용실여,,20223137
이훈진,,운전수,,20223137
조현진,,길영처,,20223137
김정빈,,배달부,,20223137
김지혜,,분장 스텝,,20223137
여시현,,라디오 목소리,,20223137
신성일,,악사1,,20223137
정량,Liang Ding,악사2,,20223137
손종학,SON Jong-hak,편집장,,20223137
류혜린,RYU Hye-rin,젊은 춘자,,20223137
김미준,,복자,,20223137
윤주상,YOON Joo-sang,나래이션,,20223329
백수장,PAIK Soo-jang,,,20223329
황지연,,,,20223329
신민재,SHIN Min-jae,,,20223329
김용석,,,,20223329
김조운,JO Woon,,,20223329
이경욱,,,,20223329
정종우,JUNG Jong-woo,,,20223329
신두리,신두리(Duri),,,20223329
김시운,,,,20223329
김기두,KIM Ki-doo,,,20223329
마성민,,,,20223329
조미녀,,,,20223329
송부건,,,,20223329
김광재,,,,20223329
박동기,PARK Dongki,,,20223329
김혜원,,,,20223329
임수현,,,,20223329
김충길,KIM Chung-gil,,,20223329
박정곤,Park Jeong-gon,,,20223329
문일완,,,,20223329
구재연,GU Jae-yeon,,,20223329
송원수,,,,20223329
김정승,,,,20223329
손우현,,,,20223329
권혁천,,,,20223329
최윤화,,,,20223329
이지훈,LEE Jee-hoon,배재성,,20211931
배우희,BAE Woo-hee,켈리,,20211931
손병호,SON Byungho,오억만,,20211931
문종업,,장준,,20211931
김나현,,제니아,,20211931
타카다 켄타,,레기,,20211931
김소희,,송지안,,20211931
유호연,,강도영,,20211931
신혜리,,서예린,,20211931
문채영,,노마담,,20211931
레나,,요코(여비서),,20211931
배재성,,조민철,,20211931
김도형,KIM Do-hyung,강신조,,20211931
진수현,,문채영,,20211931
전창걸,,경비원 외,,20211931
유형준,,표비서,,20211931
장하나,hana Jang,고기자,editor ko,20211931
이화린,,화린 외,,20211931
문정미,,뚜쟁이,,20211931
강대윤,,보디가드,,20211931
조혜란,,예린친구,,20211931
최영은,,예린친구,,20211931
나윤호,,예린친구,,20211931
김기석,,도박남,,20211931
김주경,,형사,,20211931
한봄,,여순경,,20211931
김세별,,여순경,,20211931
민주,,스완즈,,20211931
채현,,스완즈,,20211931
이화린,,스완즈,,20211931
박진원,,도영아버지,,20211931
최귀화,CHOI Gwi-hwa,유빈,,20223939
이시원,,연주,,20223939
박환희,,수경,,20223939
김희정,KIM Hui-jeong,경아,,20223939
장혜원,,명숙,,20223939
백주희,BACK Joo-hee,미정,,20223939
윤진영,YOON Jin-young,정우,,20223939
이호철,,상환,,20223939
이성일,,성철,,20223939
장유화,Jang Yoo hwa,멜라니,,20223939
김진만,,세일러,,20223939
권오율,,콘보이,,20223939
권윤구,,핑크팬다,,20223939
백수민,,제이,,20223939
이태검,,택시기사,,20223939
김남곤,KIM Nam-kon,중고거래남,,20223939
장솔,,나이트사내,,20223939
한지은,,부킹녀2,,20223939
박시후,,어린유빈,,20223939
이이담,,어린수경,,20223939
김명선,Kim Myoungsun,부킹녀1,,20223939
오종혁,OH Jong-hyuk,도훈,,20219711
박기덕,PARK Ki-duck,윤형사,,20219711
정의욱,JEONG Eui-wook,오형사,,20219711
서명찬,,보스,,20219711
이한위,LEE Han-wie,신반장,,20219711
최희정,,고려인갱 두목,,20219711
배우희,BAE Woo-hee,유미,,20219711
김종만,,야쿠자1,,20219711
황영하,,야쿠자2,,20219711
김태현,,용의자,,20219711
신동원,,김성식,,20219711
정수한,,진형사,,20219711
김진희,,호스티스,,20219711
춘식,,고려인갱1,,20219711
박노경,,고려인갱2,,20219711
장용원,,고려인갱3,,20219711
박용준,,고려인갱5,,20219711
김이안,,책방주인,,20219711
박상희,PARK sang-hee,형사1,,20219711
조송민,,형사2,,20219711
조영태,,형사3,,20219711
고대완,,형사4,,20219711
유기호,,형사5,,20219711
서광섭,,형사6,,20219711
손호준,SON Ho-jun,영배,,20196906
이규형,LEE Kyu-hyung,동식,,20196906
허성태,HEO Sungtae,서사장,,20196906
전노민,JEON No-min,영배부,,20196906
이중옥,LEE Joong-ok,정실장,,20196906
고규필,KO Gyu-pil,철구,,20196906
김슬기,KIM Seul-ki,영미,,20196906
박세영,PARK Se-young,성희,,20196906
신신애,SIN Sin-ae,동식모,,20196906
박영규,PARK Yeong-gyu,소할아버지,,20196906
이연수,,영배모,,20196906
김견우,,쇠망치,,20196906
배제기,BAE Jae-ki,빡구,,20196906
문수아,,수현,,20196906
주석제,,브로커,,20196906
노정현,,두봉,,20196906
서동원,SEO Dong-won,항구경찰1,,20196906
장정연,JANG Jeong-yeon,항구경찰2,,20196906
이주원,,어린영배1,,20196906
이효제,LEE Hyo-je,어린영배2,,20196906
최서연,,어린영미1,,20196906
곽지혜,,어린영미2,,20196906
이효비,,재아,,20196906
정시율,,준아,,20196906
박정환,PARK Jung-hwan,모범택시기사,,20196906
정수한,,한강남,,20196906
김영희,,한강녀,,20196906
김도연,KIM Do-yeon,마티즈아줌마,,20196906
서문호,SEO Moon-ho,유도남1,,20196906
박상원,,유도남2,,20196906
서은지,,톨게이트직원,,20196906
유병선,Yoo Byeongsun,동료기사,,20196906
김건,,만취손님1,,20196906
손민준,SON Minzun,과거사채업자,,20196906
천석현,,주유소직원,,20196906
이성우,LEE Seong-woo,중고차매매상,,20196906
이도군,,두봉부하1,,20196906
김득겸,,견인차기사,,20196906
박재한,,페차장직원,,20196906
박진우,,혼혈남아 / 어린영배1대역,,20196906
김현우,,봉고아들,,20196906
오채은,,필라테스수강생4,,20196906
문수영,,남회장수하1,,20196906
윤태인,,작업자들1,,20196906
나승현,,작업자들2,,20196906
양대성,,작업자들4,,20196906
유영복,,수술실의사,,20196906
신치영,SHIN Chi-young,뒷차운전자,,20196906
오정환,,똘마니1,,20196906
박경현,,슈퍼할머니,,20196906
김연정,,동네아줌마1,,20196906
김은경,,동네아줌마2,,20196906
김지은,,MT대학생1,,20196906
이가영,,MT대학생2,,20196906
홍근택,,서사장 수하1,,20196906
강민구,,서사장 수하2,,20196906
이한종,,서사장 수하3,,20196906
유용국,,서사장 수하4,,20196906
임종화,,서사장 수하5,,20196906
윤현길,,서사장 수하6,,20196906
최홍락,,서사장 수하7,,20196906
장현진,,서사장 수하8,,20196906
이한결,,서사장 수하9,,20196906
김희수,KIM Hui-su,서사장 수하10,,20196906
정영록,,브로커 패거리1,,20196906
이민호,,브로커 패거리3,,20196906
박종범,,두봉부하2,,20196906
백옥균,,영배부 몸대역,,20196906
허유리,,옥상발견여1,,20196906
박정인,,옥상발견여2,,20196906
임형준,LIM Hyung-jun,소동남,,20196906
성병숙,SEONG Byeong-suk,집주인,,20196906
윤제문,YOON Je-moon,남회장,,20196906
최병모,CHOI Byung-mo,봉고아빠,,20196906
구태일,,만취손님2,,20196906
이승호,,옥상발견남1,,20196906
정우,JUNG Woo,,,20225055
김갑수,KIM Kap-soo,,,20225055
홍정민,,진구,,20201792
윤성우,YOON Seong-woo,해륜,,20201792
최현진,,정법,,20201792
함희수,,가진,,20201792
김서율,,원광,,20201792
배주원,,동자승1,,20201792
정종훈,,동자승2,,20201792
한형민,,동자승3,,20201792
송창수,,동자승4,,20201792
임태빈,,동자승5,,20201792
신우준,,동자승6,,20201792
엄주연,,여동자승,,20201792
서장현,,악동1,,20201792
정지민,,악동2,,20201792
박승준,,화난 아이,,20201792
최양재,,분식 남학생,,20201792
최혜원,,분식 여학생,,20201792
박지우,,학생1,,20201792
박지수,,학생2,,20201792
최치우,,학생3,,20201792
최소율,,운동장 아이,,20201792
홍라윤,,3살소희,,20201792
김연주,,7살소희,,20201792
강성현,,악동형2,,20201792
최경원,CHOI Kyeng-won,큰스님,,20201792
이중현,,젊은 스님,,20201792
맹봉학,MAENG Bong-hak,도둑1,,20201792
김흥래,,도둑2,,20201792
장지웅,,도둑3,,20201792
한규남,,형사1,,20201792
문호진,,형사2,,20201792
박재현,,형사3,,20201792
김종연,,형사4,,20201792
신경호,,형사5,,20201792
이재화,LEE Jae-hwa,스님,,20201792
김현아,,중년 여인,,20201792
홍서준,HONG Seo-joon,진구아빠,,20201792
김찬미,,진구엄마,,20201792
최정현,,담임선생님,,20201792
김숙인,,악동모1,,20201792
정유미,,악동모2,,20201792
이정진,LEE Jeong-jin,고깃집 남,,20201792
노은정,,고깃집 여,,20201792
최창근,,고깃집 주인,,20201792
신치영,SHIN Chi-young,의사,,20201792
임희정,,옷가게 여인1,,20201792
박형경,,옷가게 여인2,,20201792
최영록,,택시기사,,20201792
김효진,,입양모,,20201792
주영란,,중국집 주인,,20201792
이상협,,찜질방 직원,,20201792
최건희,,찜질방 남2,,20201792
공연해,,찜질방 여1,,20201792
홍미영,,찜질방 여2,,20201792
유상희,,찜질방 여3,,20201792
임창재,LIM Chang-jae,여객터미널 남1,,20201792
민경철,MIN Gyeong-cheol,여객터미널 남2,,20201792
윤영호,YUN Yung-ho,여객터미널 남3,,20201792
이준일,LEE Jun-il,여객터미널 남4,,20201792
기은수,,,,20219273
서범석,,,,20219273
이호철,,,,20219273
문서별,,,,20219273
황장준,,,,20219273
박봉헌,,,,20219273
윤가령,,,,20219273
박혜숙,,,,20219273
박승재,,,,20219273
류인아,,,,20219273
원호연,,,,20219273
이수지,,,,20219273
길예진,,,,20219273
조동혁,JO Dong-hyeok,두현,,20224304
이완,LEE Wan ,영민,,20224304
임정은,LIM Jung-Eun,지영,,20224304
소윤호,Yunho So,10년 형사4,,20224304
윤철형,YOON Chul-hyung ,최팀장,,20224304
감소현,GAM So-hyun,예나,,20224304
장은서,,은주,,20224304
김강일,KIM Kang-il,동필,,20224304
이천은,,신사,,20224304
최기섭,,형도,,20224304
이지석,,뱀눈,,20224304
이건구,,독사,,20224304
송보은,SONG Bo-eun,담임 선생님,,20224304
김길동,KIM Gil-dong,허강,,20224304
오만석,OH Man-seok,검사,,20224304
두리,,허강여자,,20224304
윤송아,YUN Song-a,마담,,20224304
이예서,,다혜,,20224304
신준호,,백산파 막내,,20224304
전해룡,,강변호사,,20224304
이준상,,영민 운전수,,20224304
최명진,,마형사,,20224304
심겸시,,조형사,,20224304
이훈성,,김형사,,20224304
김건수,,모텔알바,,20224304
한화연,,세차장 직원1,,20224304
이동혁,,세차장 직원2,,20224304
최종관,,세차장 직원3,,20224304
강우혁,,예나 의사,,20224304
류주혜,,은주 의사,,20224304
신혜온,,간호사,,20224304
서문경,,간부(경찰소장),,20224304
김만기,,취객,,20224304
정혜인,,정해수,,20224866
공형진,KONG Hyung-jin,장판수,,20224866
김인권,KIM In-kwon,국팀장/블랙잭,,20224866
조하석,CHO Ha-seok,뱀눈,,20224866
박미숙,,메이,,20224866
전희연,,문신녀,,20224866
홍성오,,점박이,,20224866
유지후,,최미정,,20224866
정경호,JUNG Kyung-ho,NIS선배,,20224866
서호철,SEO Ho-cheol,몸빵전문가,,20224866
이훈국,LEE Hoon-guk ,빗자루,,20224866
장용원,,도박사,,20224866
옥윤중,,은행원,,20224866
백재민,,백유진,,20224866
이관욱,,메이수행원,,20224866
최홍일,CHOI Hong-il,백반장,,20224866
심소영,,수학교수,,20224866
이현웅,LEE Hyun-woong,하우스기도,,20224866
곽민호,KWAK Min-ho,빡대가리,,20224866
홍여준,,노숙자,,20224866
룡세형,,수산시장부하,,20224866
정제우,,뱀눈부하1,,20224866
김림후,,뱀눈부하2,,20224866
김대준,,뱀눈부하3,,20224866
김다훈,,뱀눈부하4,,20224866
박동규,,뱀눈부하5,,20224866
김희영,Kim Huiyeong,뱀눈부하6,,20224866
정태영,,판수사내1,,20224866
김지산,,판수사내2,,20224866
라호찬,,판수사내3,,20224866
이상헌,,형사1,,20224866
정현구,JEONG Heon-gu,형사2,,20224866
이종환,,형사3,,20224866
전청일,,형사4,,20224866
김형석,,형사5,,20224866
정재민,,형사6,,20224866
김윤배,,형사8,,20224866
김주혁,,형사9,,20224866
서선호,SEO Seon-ho,블랙잭부하1,,20224866
임이규,,블랙잭부하3,,20224866
김성룡,KIM Sung-ryong,도박꾼6,,20224866
장혜진,,도박꾼7,,20224866
김태완,,도박꾼8,,20224866
박명랑,PARK Myoung-rang,도박꾼9,,20224866
조은성,JO Eun-sung,도박꾼10,,20224866
남승민,NAM Seung-min,,,20191223
남승민,NAM Seung-min,,,20200741
이승용,LEE Seung-yong,영호,,20180382
윤선근,,성태,,20180382
변준우,BYUN Jun-woo,대천,,20180382
여주영,YEO Joo-young,찬미,,20180382
지웅배,JI Woong-bae,진수,,20180382
이재영,LEE Jae-young,재영,,20180382
이승용,LEE Seung-yong,,,20196306
변준우,BYUN Jun-woo,,,20196306
송민경,,,,20196306
지웅배,JI Woong-bae,진수,,20196306
신시아,,소녀,,20224882
박은빈,PARK Eun-bin,경희,,20224882
서은수,SEO Eun-su,조현,,20224882
진구,JIN Goo,용두,,20224882
성유빈,SUNG Yu-bin,대길,,20224882
조민수,CHO Min-soo,백,,20224882
차순배,CHA Soon-bae,변박,,20224882
저스틴 하비,Justin John Harvey,톰,,20224882
이종석,LEE Jong-suk,장,,20224882
김다미,KIM Da-mi,자윤,,20224882
변서윤,,미영,,20224882
채원빈,,토우 여자1,,20224882
서이라,,토우 여자2,,20224882
정라엘,,토우 여자3,,20224882
김기해,,토우 미소년,,20224882
장재영,,미영친구,,20224882
정예진,,흉터소녀,,20224882
모그,Mowg,산월패션 남직원1,,20224882
신영옥,,양주임,,20224882
김대흥,,양주임 직원1,,20224882
신희철,SHIN Hee-cheol,양주임 직원2,,20224882
정환욱,,양주임 직원3,,20224882
우강민,, 사내1,,20224882
최홍락,,사내3,,20224882
홍원표,,덩치,,20224882
유태근,,장 수하1,,20224882
윤기창,YOON Ki-chang,장 수하2,,20224882
오기덕,,장 수하3,,20224882
이규영,,장 수하4,,20224882
한재웅,,장 수하5,,20224882
문동식,,장 수하6,,20224882
노승윤,,장 수하7,,20224882
고남호,,장 수하8,,20224882
이준,,로컬 요원1,,20224882
임승준,,로컬 요원2,,20224882
장남수,,용두패1,,20224882
최동구,CHOI Dong-gu,용두패2,,20224882
김한솔,,용두패3,,20224882
공경배,,용두패6,,20224882
서문호,SEO Moon-ho,용두패8,,20224882
이선호,,용두패9,,20224882
한상경,,용두패10,,20224882
이상렬,,용두패11,,20224882
조광욱,,용두패16,,20224882
정운,,용두패17,,20224882
조창원,,용두패18,,20224882
오원혁,,용두패,,20224882
김민규,KIM MIN GYU,용두패,,20224882
김소민,,시식코너 직원,,20224882
김벼리,,버스 여직원,,20224882
장지호,,어린 대길,,20224882
엄태구,UM Tae-goo,마트 행인,,20224882
김용우,,용두패,,20224882
신현준,SHIN Hyun-joon,미남,,20225479
박솔미,PARK Sol-mi,아리,,20225479
박민지,PARK Min-ji,여옥,,20225479
윤정섭,,신재혁,,20225479
박형섭,,유민,,20225479
조덕현,CHO Duk-hyun,탁반장,,20225479
김정팔,,타보스,,20225479
신용훈,,춘식,,20225479
홍여준,,오토바이남,,20225479
전제혁,,보스,,20225479
이종일,,서장,,20225479
김미림,,비서,,20225479
손소영,SON So-young,황길례,,20225479
오윤수,oh yoon soo,찬주,,20225479
남태하,,피의자,,20225479
김보성,kimboseong,만취남,,20225479
정재훈,,정재훈,,20225479
이마태오,,이마태오,,20225479
김현섭,,유민준,,20225479
김수호,,김일곤,,20225479
김승우,,김승우,,20225479
손범서,,손범서,,20225479
김윤우,,김윤우,,20225479
우주명,WOO JU MYEONG,우주명,,20225479
변미선,,변미선,,20225479
엄선영,,빌라여자,,20225479
김경탁,,순경1,,20225479
이관욱,,순경2,,20225479
박시하,,옆집 견모,,20225479
강기재,KANG Ki-jae,보스조직원2,,20225479
조민준,JO Min-jun,보스조직원3,,20225479
주은태,,보스조직원4,,20225479
한태경,,보스조직원5,,20225479
이동현,,보스조직원6,,20225479
한찬규,,보스조직원7,,20225479
신두리,신두리(Duri),타보스 부두목,,20225479
김원중,KIM Won-jung,타보스조직원1,,20225479
구중림,,타보스조직원2,,20225479
우성현,,타보스조직원4,,20225479
박진영,,타보스조직원5,,20225479
범승제,,타보스조직원6,,20225479
장명준,,소매치기,,20225479
박민규,,용감한시민,,20225479
김지수,,헌팅녀1,,20225479
류이나,,헌팅녀2,,20225479
정서연,,여중생,,20225479
황순혁,,덩치1,,20225479
천석기,,덩치2,,20225479
우광훈,"Woo, Kwang Hoon",의사,,20225479
김세별,,양간호사,,20225479
황지수,,김간호사,,20225479
현다슬,,유간호사,,20225479
김승아,,간호사1,,20225479
오지연,,간호사2,,20225479
박소라,,간호사3,,20225479
채수연,,병원여인,,20225479
강소현,,공옥자,,20225479
이현준,,보디가드1,,20225479
문성환,,보디가드2,,20225479
한여화,,BJ핑꾸똥꾸,,20225479
허애선,,양언니,,20225479
박소라,,미용실손님1,,20225479
문현지,,미용실손님2,,20225479
강진우,,안토니오 팬1,,20225479
김도혁,,안토니오 팬2,,20225479
오지환,,안토니오 팬3,,20225479
이선제,,안토니오 팬4,,20225479
김미경,,안토니오 팬5,,20225479
최자인,,영정할머니,,20225479
엄정숙,,할머니1,,20225479
김옥자,,할머니2,,20225479
한바다,,남고생,,20225479
김정섭,,엔딩보스,,20225479
강기재,KANG Ki-jae,엔딩조직원1,,20225479
이동민,,엔딩조직원2,,20225479
한동주,,엔딩조직원3,,20225479
구중림,,엔딩조직원4,,20225479
정성재,,엔딩조직원6,,20225479
김기훈,,엔딩조직원7,,20225479
범승제,,엔딩조직원8,,20225479
독고광,,엔딩조직원9,,20225479
이승건,,엔딩조직원12,,20225479
박재우,,엔딩조직원13,,20225479
오승택,,엔딩조직원14,,20225479
정유준,,엔딩조직원15,,20225479
심형우,,엔딩조직원16,,20225479
도형우,,엔딩조직원17,,20225479
김보근,,엔딩조직원18,,20225479
신연우,,엔딩조직원19,,20225479
김민우,,엔딩조직원20,,20225479
임상완,,엔딩조직원21,,20225479
정현서,,엔딩조직원22,,20225479
김경모,,노미남 대역,,20225479
장혁,JANG Hyuk,의강,,20225186
이서영,Lee Seoyoung,윤지,,20225186
브루스 칸,Bruce Khan,유리,,20225186
이승준,LEE Seung-jun,이형사,,20225186
방은정,BANG Eun-jung,성연,,20225186
최기섭,,점박이,,20225186
신승환,SHIN Seung-hwan,박형주,,20225186
홍서준,HONG Seo-joon,판사,,20225186
이채영,LEE Chae-young,현수,,20225186
유서진,,이혼녀,,20225186
조한슬,,혜주,,20225186
김홍경,KimHong Kyeong,과거 소녀,,20225186
최영우,,롤러장 남자애1,,20225186
이건구,,레게남,,20225186
위민국,,돈텔파파 사내2,,20225186
박형준,ParkHyungJun,돈텔파파 복도 사내1,,20225186
김태원,,돈텔파파 복도 사내3,,20225186
백진욱,,돈텔파파 복도 사내4,,20225186
박수지,,만취녀,,20225186
정현옥,,도촬남2,,20225186
정원석,,가출소년1,,20225186
박근형,,가출소년2,,20225186
김미소,Kim Mi-so,가출소녀1,,20225186
이혜지,,가출소녀2,,20225186
양재희,,가출소녀3,,20225186
한경미,,파자마 주민,,20225186
한정희,,노래방 직원,,20225186
김진형,,박형주 부하1,,20225186
방병현,,박형주 부하2,,20225186
조현수,,승합차 부하1,,20225186
고용석,ko yong seok,판사 경호원1,,20225186
구본혁,,판사 경호원3,,20225186
정윤철,,이혼녀 경호원1,,20225186
조승원,,이혼녀 경호원2,,20225186
김동환,,판사 친구1,,20225186
윤택승,,판사 친구3,,20225186
이상엽,,판사 친구4,,20225186
박준환,,판사 친구 6,,20225186
박경모,,의강 대역,,20225186
송지민,,유리 대역,,20225186
박예슬,,윤지/성연 대역,,20225186
정성훈,,이형사 대역,,20225186
조동혁,,의강 바이크 대역,,20225186
김선간,KIM Sun-kan,바이크 리깅,,20225186
송지민,,엘리베이터 기습남,,20225186
권오철,,바이크 패거리,,20225186
전시완,,바이크 패거리,,20225186
조제웅,,러시아 용병,,20225186
이동민,,러시아 용병,,20225186
고상현,,러시아 용병,,20225186
김승준,,러시아 용병,,20225186
이충식,Chung-sik Lee,러시아 용병,,20225186
전솔휘,,러시아 용병,,20225186
이광호,,러시아 용병,,20225186
박용균,,러시아 용병,,20225186
김동철,,러시아 용병,,20225186
유시정,,러시아 용병,,20225186
김경우,,러시아 용병,,20225186
심상용,,러시아 용병,,20225186
김동운,,러시아 용병,,20225186
정성호,Sungho Jung,유리부하,,20225186
박재선,,유리부하,,20225186
김주용,,코넬 엘리베이터 패거리,,20225186
임동은,,코넬 엘리베이터 패거리,,20225186
김세빈,,코넬 엘리베이터 패거리,,20225186
전찬웅,,코넬 엘리베이터 패거리,,20225186
김용훈,,모텔 복도 패거리,,20225186
황진모,,모텔 복도 패거리,,20225186
심영석,,모텔 복도 패거리,,20225186
오태승,,모텔 복도 패거리,,20225186
김태진,,모텔 복도 패거리,,20225186
조동혁,,모텔 복도 패거리,,20225186
정성훈,,모텔 복도 패거리,,20225186
윤기현,,모텔 복도 패거리,,20225186
김주호,,모텔 복도 패거리,,20225186
최민,,모텔 복도 패거리,,20225186
정지상,,모텔 복도 패거리,,20225186
이준,,가라오케 복서,,20225186
최재옥,,가라오케 복서,,20225186
김도연,,동해항 박형주 부하,,20225186
박경모,,동해항 박형주 부하,,20225186
김태경,,동해항 박형주 부하,,20225186
손현주,SON Hyun-ju,사격장 주인,,20225186
차태현,CHA Tae-hyun,청소반장,,20225186
박영운,,돈텔파파 사내3,,20225186
류준열,RYU Jun-yeol,무륵,,20208446
김우빈,KIM Woo-bin,가드/썬더,,20208446
김태리,KIM Tae-ri,이안,,20208446
소지섭,SO Ji-sub,문도석,,20208446
염정아,YUM Jung-ah,흑설,,20208446
조우진,JO Woo-jin,청운,,20208446
김의성,KIM Eui-sung,자장/의사,,20208446
이하늬,LEE Ha-nee,민개인,,20208446
신정근,SHIN Jung-geun,우왕,,20208446
이시훈,LEE Si-hoon,좌왕,,20208446
김대명,KIM Dae-myeong,썬더비행체,,20208446
최유리,,어린이안,,20208446
김기천,KIM Ki-chun,개똥이,,20208446
윤병희,,무당도사/외계로봇목소리,,20208446
지건우,,살인귀,,20208446
윤경호,YUN Gyeong-ho,삼식이,,20208446
옥자연,OK Ja-yeon,동료의사,,20208446
이현걸,,무당도사2,,20208446
김해숙,KIM Hae-sook,밀본노파,,20208446
유재명,YU Jae-myeong,현감,,20208446
전여빈,JEON Yeo-been,홍언년,,20208446
김민서,,민선,,20208446
김민준,,어린무륵,,20208446
이선희,LEE Sunhee,물안개주막주모,,20208446
백현주,BAEK Hyun-joo,교장,,20208446
최광제,CHOI Gwang-je,최대감,,20208446
심달기,SHIM Dal-gi,신부,,20208446
조하이,,아기이안,,20208446
김루아,,아기이안,,20208446
김강일,KIM Kang-il,물안개주막노인,,20208446
이동희,,부잣집청지기,,20208446
김찬형,,도둑,,20208446
박무염,,도둑,,20208446
송영광,,도둑,,20208446
이동용,,거간꾼,,20208446
장준휘,JANG Jun-whee,형방,,20208446
한성수,Han Seong Su,옥사포졸,,20208446
김정한,,어부,,20208446
김왕도,,어부,,20208446
김세홍,,대장장이,,20208446
김만호,,절름발이,,20208446
김민체,,벽란정앞 주막주모,,20208446
박광재,,현감경호원,,20208446
박수진,,이안신고경찰,,20208446
김선혁,KIM Sun-Hyuk,이안신고경찰,,20208446
김우현,,지산병원/하바도심,,20208446
김민환,,지산병원/하바도심,,20208446
김재현,,지산병원/하바도심,,20208446
김윤도,,지산병원/하바도심,,20208446
김진욱,,지산병원/하바도심,,20208446
김한솔,,지산병원/하바도심,,20208446
문바롬,,지산병원/하바도심,,20208446
박수찬,,지산병원/하바도심,,20208446
성백인,,지산병원/하바도심,,20208446
안재원,,지산병원/하바도심,,20208446
이태환,,지산병원/하바도심,,20208446
이보영,,지산병원/하바도심,,20208446
윤상원,,지산병원/하바도심,,20208446
손주환,,지산병원/하바도심,,20208446
김단비,,지산병원/하바도심,,20208446
지한아,,지산병원/하바도심,,20208446
김빛나래,,지산병원/하바도심,,20208446
김세정,,지산병원/하바도심,,20208446
민정은,,지산병원/하바도심,,20208446
배윤민,,지산병원/하바도심,,20208446
정지원,Jeong ji won,지산병원/하바도심,,20208446
지성은,,지산병원/하바도심,,20208446
전아희,,지산병원/하바도심,,20208446
한수아,HAN Su-a,지산병원/하바도심,,20208446
고나영,,지산병원/하바도심,,20208446
박시연,,지산병원/하바도심,,20208446
송지혁,SONG JI HYEOK,지산병원/하바도심,,20208446
우상기,WOO Sang-ki,벽란정직원,,20208446
김선혁,KIM Sun-Hyuk,청지기밀본도사,,20208446
한승윤,Han Seung-Yun,신랑,,20208446
박인규,,나발꾼,,20208446
강정민,,짐꾼,,20208446
이희규,,짐꾼,,20208446
변진수,,최대감댁 청지기,,20208446
양미선,,최대감댁 마님,,20208446
이병욱,LEE Byung-wook,혼례진행/악사,,20208446
장규식,,혼례진행/악사,,20208446
전경희,,혼례진행/악사,,20208446
강춘선,,혼례진행/악사,,20208446
강차욱,,혼례진행/악사,,20208446
김문조,,혼례진행/악사,,20208446
조한길,,혼례진행/악사,,20208446
류관후,,혼례진행/악사,,20208446
김방선,KIM Bang-seon,혼례도우미,,20208446
전은미,JEON Eun-mi,혼례도우미,,20208446
정민규,,자전거탄아이,,20208446
고유준,,마약범,,20208446
전진기,,계장,,20208446
이원민,,문도석 동료형사,,20208446
이택근,,문도석 동료형사,,20208446
서석규,,문도석 동료형사,,20208446
한동훈,,문도석 동료형사,,20208446
남지우,,변호사,,20208446
박래영,,버스승객,,20208446
임보현,,버스승객,,20208446
임우진,,버스승객,,20208446
신혜지,,버스승객,,20208446
김지선,,버스승객,,20208446
김예주,,버스승객,,20208446
이주혁,,버스승객,,20208446
하시연,,버스정류장시민,,20208446
차영주,CHA YOUNG JU,차에갇힌운전자,,20208446
이수진,,아나운서 목소리,,20208446
김수현,,기자,,20208446
현오봉,,밀본도사,,20208446
김승준,,밀본도사,,20208446
박건률,,밀본도사,,20208446
선인호,,밀본도사,,20208446
이동석,,밀본도사,,20208446
조운성,,밀본도사,,20208446
조진결,,밀본도사,,20208446
한지훈,,밀본도사,,20208446
황인직,,밀본도사,,20208446
이준창,,밀본도사,,20208446
황재운,,밀본도사,,20208446
임재민,,밀본도사,,20208446
강기원,,밀본도사,,20208446
전원표,,가드/썬더 스탠딩,,20208446
정예서,,기생,,20208446
민새희,,기생,,20208446
오채은,,기생,,20208446
이하주,,기생,,20208446
유독현,,마약범공범,,20208446
이가현,,깁스운전자,,20208446
김현식,,외계인저지경찰,,20208446
박종범,,촉수조종경찰,,20208446
이섭정,,출동경찰,,20208446
강한별,Kang Hanbyeol,출동경찰,,20208446
김솔로몬,,출동경찰,,20208446
장석준,,출동경찰,,20208446
구태일,,밀본도사,,20208446
장재혁,Jae Hyeok Jang,고문학생5,,20211792
이상혁,Lee Sang Hyuk,고문학생6,,20211792
오동훈,,택시정비소남한군6,,20211792
이지영,JI-YOUNG LEE,택시정비소 남한군7,,20211792
이정재,LEE Jung-jae,박평호,,20211792
정우성,JUNG Woo-sung,김정도,,20211792
전혜진,JEON Hye-jin,방주경,,20211792
허성태,HEO Sungtae,장철성,,20211792
고윤정,,조유정,,20211792
김종수,KIM Jong-soo,안부장,,20211792
정만식,JUNG Man-sik,양보성,,20211792
임형국,LIM Hyung-kook,운반자,,20211792
정경순,CHUNG Kyung-soon,천보산,,20211792
정재성,,표동호,,20211792
송영창,SONG Young-chang,강부장,,20211792
강경헌,KANG Kyung-heun,정도 아내,,20211792
임성재,LIM Sung-jae,보안사,,20211792
정성모,JUNG Sung-mo,김순식 장군,,20211792
손성호,,남한 대통령,,20211792
김학선,KIM Hak-sun,신기철,,20211792
오만석,OH Man-seok,강기자,,20211792
김문찬,,기술자,,20211792
박건우,,스포츠 사내,,20211792
이채은,,양보성 딸,,20211792
김윤도,,김혁수,,20211792
송덕호,,남학생1,,20211792
이서한,,남학생2,,20211792
장서경,,여학생,,20211792
김찬형,,해외팀 요원1,,20211792
송철호,SONG Chul-ho,해외팀 요원2,,20211792
김형범,,해외팀 요원3,,20211792
경성환,,해외팀 요원4,,20211792
윤정섭,,국내팀 요원1,,20211792
최우준,YOON Chung,국내팀 요원2,,20211792
정재현,,국내팀 요원3,,20211792
김효준,,국내팀 요원5,,20211792
차래형,CHA Lae-hyung,동경지부 요원5,,20211792
박중근,,동경지부 요원6,,20211792
홍성덕,HONG Sung-duk,목성사 사내1,,20211792
박윤희,,목성사 사내2,,20211792
문정대,moon jung dae,목성사 사내3,,20211792
이도국,LEE Do-guk,목성사 사내5,,20211792
이한주,Lee Han ju,터널 사내,,20211792
고서희,KO Seo-hee,표동호 아내,,20211792
손경원,SON Kyoung-won,이주명 대사,,20211792
이태형,LEE Tae-hyeong,자료분석실 과장,,20211792
조진결,,자료분석실 직원,,20211792
고경만,,대외 종부 조사부 지휘관,,20211792
김호준,,강령군 작전장교,,20211792
김은우,EUN-WOO KIM,북한군,,20211792
정종우,JUNG Jong-woo,목성사 건장남,,20211792
박민이,,형사과장,,20211792
윤대열,,형사1,,20211792
김완수,,형사2,,20211792
김결,,의사,,20211792
김덕주,,정도 엄마,,20211792
민경옥,,양보성 엄마,,20211792
김송일,,교수,,20211792
이가경,LEE Ga-kyung,정도 여비서,,20211792
차우진,CHA Woo-jin,지하벙커 경비병,,20211792
박민정,PARK Min-jeong,전경자,,20211792
옥주리,,학사주점 주인,,20211792
조광유,,제 1호,,20211792
박도영,,목성사 소각 남직원,,20211792
조혜린,,목성사 소각 여직원,,20211792
박병관,,일본 화장터 직원,,20211792
이도헌,Lee doheon,고문학생1,,20211792
이주안,,고문학생2,,20211792
손승범,,고문학생3,,20211792
장재혁,,고문학생5,,20211792
박인국,,고문학생7,,20211792
문유성,,고문학생8,,20211792
김동형,,강령군 북한군1,,20211792
김시원,KIM Si-won,강령군 북한군2,,20211792
배정환,,강령군 북한군3,,20211792
이시안,,강령군 북한군4,,20211792
정상균,,강령군 북한군5,,20211792
박영준,,강령군 북한군6,,20211792
최기표,,강령군 북한군7,,20211792
김재환,,강령군 북한군8,,20211792
남열,,강령군 북한군9,,20211792
태윤,,강령군 북한군12,,20211792
박형준,ParkHyungJun,강령군 북한군13,,20211792
백승우,,강령군 북한군14,,20211792
이찬희,,택시정비소 남한군1,,20211792
전현석,,택시정비소 남한군2,,20211792
장나라,,택시정비소 남한군4,,20211792
이웅규,,택시정비소 남한군5,,20211792
진가민,Jin gamin,택시정비소 남한군8,,20211792
허윤,,택시정비소 남한군9,,20211792
권민경,,광주거리 유가족1,,20211792
이재원,,광주거리 유가족3,,20211792
김의신,,뉴스화면 피해자3,,20211792
조영미,,뉴스화면 피해자4,,20211792
최은애,,뉴스화면 피해자5,,20211792
백경윤,,북한 난수 방송 목소리,,20211792
박서희,,북한 난수 방송 목소리,,20211792
박민정,PARK Min-jeong,TV뉴스 앵커 목소리,,20211792
김기태,KIM Ki-tae,,,20211792
김재환,,,,20211792
김한솔,,,,20211792
서문호,SEO Moon-ho,,,20211792
여이레,YEO Ee-re,,,20211792
이도군,,,,20211792
홍지원,,,,20211792
황정민,HWANG Jung-min,리중좌,,20211792
이성민,LEE Sung-min,조원식,,20211792
유재명,YU Jae-myeong,최대표,,20211792
박성웅,PARK Sung-woong,동경지부요원1,,20211792
조우진,JO Woo-jin,동경지부요원2,,20211792
김남길,KIM Nam-gil,동경지부요원3,,20211792
주지훈,JU Ji-hoon,동경지부요원4,,20211792
정용식,,강령군 북한군10,,20211792
김동규,Kim dong-gyu,학사주점 학생,,20211792
김동훈,,해외팀 요원5,,20211792
김명선,Kim Myoungsun,뉴스화면 피해자2,,20211792
최민,CHOE Min,목성사 사내4,,20211792
권은성,,정도 둘째 아들,,20211792
주영호,JU Yeong-ho,기삼,,20226799
권해성,,운철,,20226799
천지유,,젊은 역술인,,20226799
이용헌,,용진,,20226799
김시아,,기삼 여동생,,20226799
권회수,Kwon Hoi-su,무술감독,,20226799
김신덕,,기삼 어머니,,20226799
최준하,,조감독,,20226799
현빈,HYUN Bin,,,20215601
유해진,Yoo Hai Jin,,,20215601
임윤아,LIM Yoon-a,,,20215601
다니엘 헤니,Daniel Henney,,,20215601
진선규,JIN Sun-kyu,,,20215601
장영남,JANG Yeong-nam,,,20215601
박훈,,,,20215601
임성재,LIM Sung-jae,,,20215601
윤상화,YUN Sang-hwa,,,20215601
박민하,,,,20215601
전국환,JEON Guk-hwan,,,20215601
전배수,JEON Bae-soo,,,20215601
이해영,LEE Hae-young,,,20215601
서동원,SEO Dong-won,,,20215601
이승훈,,,,20215601
이제연,,,,20215601
박형수,PARK Hyoung-soo,,,20215601
이민지,LEE Min-ji,,,20215601
박종환,,,,20215601
송영근,,,,20215601
김중희,,,,20215601
최동구,CHOI Dong-gu,,,20215601
설찬미,,,,20215601
서동복,,,,20215601
박진수,,,,20215601
김경식,,,,20215601
변경록,,,,20215601
정의순,JEONG Ui-sun,,,20215601
이동용,,,,20215601
남성준,,,,20215601
김태수,,,,20215601
우정국,,,,20215601
김성인,,,,20215601
전민,,,,20215601
김태향,,,,20215601
유비,,,,20215601
우석준,,,,20215601
현직,,,,20215601
김관모,,,,20215601
주재후,,,,20215601
류경환,,,,20215601
신욱,,,,20215601
김선희,,,,20215601
박광렬,,,,20215601
황두하,,,,20215601
전종석,Jeon Jong-seok,,,20215601
신영훈,,,,20215601
김병오,KIM Byung-oh,,,20215601
박재홍,,,,20215601
임세인,,,,20215601
김철윤,KIM Chul-Yun,,,20215601
장현진,,,,20215601
함태인,,,,20215601
김진우,,,,20215601
정윤하,JUNG Yun-ha,,,20215601
강덕중,KANG Deok-jung,,,20215601
최미라,CHOI Mi-ra,,,20215601
한은수,,,,20215601
황인덕,,,,20215601
정성인,,,,20215601
명채미,,,,20215601
최유지,,,,20215601
추정훈,,,,20215601
김원해,KIM Won-hae,,,20215601
조달환,CHO Dal-hwan,,,20215601
김세중,kim sejung,알파 과거사진 실험체1역,,20211472
서인국,SEO In-guk,박종두,,20211472
장동윤,JANG Dong-yun,이도일,,20211472
최귀화,CHOI Gwi-hwa,알파,,20211472
성동일,SUNG Dong-il,오대웅,,20211472
박호산,PARK Ho-san,이석우,,20211472
정소민,JUNG So-min,이다연,,20211472
고창석,GO Chang-seok,고건배,,20211472
장영남,JANG Yeong-nam,최명주,,20211472
손종학,SON Jong-hak,손수철,,20211472
이성욱,LEE Sung-wook,이경호,,20211472
홍지윤,,송은지,,20211472
정문성,JUNG Moon-sung,김규태,,20211472
임주환,IM Ju-hwan,표이사,,20211472
권오율,,형사 (이웅재),,20211472
김문학,,형사 (김진석),,20211472
김찬형,,형사 (박재우),,20211472
정수교,,형사 (남현수),,20211472
심우성,,형사 (박무택),,20211472
정재훈,,형사 (김우진),,20211472
유현수,,형사 (김재명),,20211472
김기창,,형사 (오장훈),,20211472
엄준기,Um Joon-ki,형사 (홍진성),,20211472
박봉준,Park Bong-jun,형사 (김원호),,20211472
신성민,,형사 (이덕수),,20211472
강신철,GANG Sin-cheol,형사 (임도철),,20211472
이승훈,,형사 (서태식),,20211472
박민석,Park min seok,형사 (김희열),,20211472
안지혜,AHN Ji-hye,여형사 (조수진),,20211472
강정우,KANG Jung-woo,범죄자 (최영달),,20211472
김대한,KIM Dae-han,범죄자 (장인구),,20211472
김진만,,범죄자 (오덕수),,20211472
조성구,,범죄자 (구병태),,20211472
윤기창,YOON Ki-chang,범죄자 (박상만),,20211472
김철윤,KIM Chul-Yun,범죄자 (이태원),,20211472
송지혁,SONG JI HYEOK,범죄자 (조두삼),,20211472
손현준,,범죄자 (김구남),,20211472
양승호,,범죄자 (신동범),,20211472
전우재,JEON Woo-jae,범죄자 (장필우),,20211472
김해준,,범죄자 (김양태),,20211472
지남혁,,범죄자 (박선창),,20211472
김성령,,여범죄자 (윤혜라),,20211472
정원영,,조직원 (박무배),,20211472
장재호,,조직원 (조명수),,20211472
김민철,,조직원 (최석진),,20211472
이종윤,LEE Jong-yoon,선장,,20211472
조형래,,2항사,,20211472
김태준,KIM Tae-joon,3항사,,20211472
서석규,,조타수,,20211472
윤돈선,YOON Don-sun,기관장,,20211472
최현준,,1기사,,20211472
김원중,,2기사,,20211472
이재호,,3기사,,20211472
조기태,,컨트롤룸 직원1,,20211472
박선준,PARK Sun-joon,해경 중특단1,,20211472
정하준,,해경 중특단2,,20211472
서정우,,해경 중특단3,,20211472
황명환,,해경 중특단4,,20211472
구민혁,,부산해상관제팀장,,20211472
임지섭,,헬기 무장직원1,,20211472
이원행,,헬기 무장직원2,,20211472
최우빈,,헬기 무장직원4,,20211472
장솔,,헬기 무장직원5,,20211472
김재명,,헬기 무장직원6,,20211472
안현준,,헬기 무장직원7,,20211472
김선민,,헬기 조종사,,20211472
신동력,,공항 폭탄남,,20211472
김현,,범죄자 정동필,,20211472
차영주,CHA YOUNG JU,공항 기자,,20211472
김용훈,,공항 형사1,,20211472
조연희,,공항 형사2,,20211472
최상식,,공항 범죄자,,20211472
박승진,,공항 시민1,,20211472
천재홍,CHUN Jae-hong,오가와 켄,,20211472
유상재,YOO Sang-jae,일본군 요시무라 중장,,20211472
장주완,,일본군 장교1,,20211472
강용규,,일본군 장교2,,20211472
황인환,,일본군 장교3,,20211472
이병호,,일본군 장교4,,20211472
이충식,Chung-sik Lee,일본군 장교5,,20211472
이원행,,일본군 장교7,,20211472
최광휘,,일본군 장교8,,20211472
김대연,,일본군의관1,,20211472
송원종,SONG Won-jong,일본군의관2,,20211472
이혜미,,일본군 간호사1,,20211472
이시안,,일본군 간호사2,,20211472
이정우,LEE Jung-woo,알파 과거사진 일본군1,,20211472
한태양,,알파 과거사진 일본군3,,20211472
김태윤,,알파 과거사진 일본군4,,20211472
김민수,,알파 과거사진 일본군5,,20211472
김정훈,,알파 과거사진 일본군6,,20211472
정시훈,,알파 과거사진 실험체2,,20211472
최영우,,폐공장 건달,,20211472
안현준,,폐공장 대웅 가드3,,20211472
김한준,,폐공장 대웅 가드4,,20211472
이성민,,이온제네틱스 실험실 의사1,,20211472
김현진,,이온제네틱스 실험실 의사2,,20211472
김바비,,이온제네틱스 실험실 의사3,,20211472
서정빈,,이온제네틱스 실험실 간호사1,,20211472
백승익,BAEK Sueng-ik,양돈축사 시체처리반장,,20211472
송원종,SONG Won-jong,양돈축사 트럭기사,,20211472
김대근,,양돈축사 건달1,,20211472
안현준,,양돈축사 시체1,,20211472
최광휘,,양돈축사 시체2,,20211472
송지민,,양돈축사 시체3,,20211472
김민석,,양돈축사 시체7,,20211472
김도환,,양돈축사 시체8,,20211472
서정원,,에필로그 교도소 실험체,,20211472
신승환,SHIN Seung-hwan,사마귀,,20211472
정성일,JUNG Sung-il,형사 (정필성),,20211472
권율,KWON Yul,헬기 무장직원 팀장,,20211472
권수현,,조직원 (진강우),,20211472
이홍내,LEE Hong-nae,피어싱,,20211472
김강훈,KIM Kang-hoon,도일 아들,,20211472
전혜원,,뉴스앵커1,,20211472
박성현,,목소리 출연,,20211472
정진운,JEONG Jin-woon,,,20216224
안서현,AHN Seo-hyun,,,20216224
이주연,LEE Ju-yeon,,,20216224
강성필,KANG Sung-pil,,,20216224
정태우,JUNG Tae-woo,,,20216224
전수진,JEON Su-jin,,,20216224
지대한,JI Dae-han,,,20216224
김누리,,,,20216224
김가애,,민서 모,,20216224
이자은,,,,20216224
문종일,,,,20216224
이푸름,,,,20216224
최환이,,,,20216224
송혁조,SONG Hyuk-jo,,,20216224
이상철,,,,20216224
알렉스,,,,20216224
이성은,,,,20216224
조유진,,,,20216224
왕호,WANG Ho,,,20216224
최은지,,,,20216224
김차이,,,,20216224
송혁조,SONG Hyuk-jo,,,20216224
이준호,,,,20216224
이승원,,,,20216224
심예진,,,,20216224
홍선기,,,,20216224
김경주,,,,20216224
백주은,,,,20216224
권도영,,,,20216224
이채린,Chaelynn Lee,,,20216224
박준희,PARK Jun-hui,,,20216224
이화진,,,,20216224
한지영,,,,20216224
김재인,,,,20216224
노하연,,,,20216224
이유주,,,,20216224
김선구,,,,20216224
허태경,,,,20216224
이운학,,,,20216224
김현성,,,,20216224
유상재,YOO Sang-jae,,,20216224
이성욱,LEE Sung-wook,,,20201875
박해일,PARK Hae-il,이순신,,20209343
이지영,JI-YOUNG LEE,격군,,20209343
김시국,,조선군,,20209343
공지삵,KONG JI SARG,,,20209343
변요한,BYUN Yo-han,와키자카 야스하루,,20209343
안성기,AHN Sung-ki,어영담,,20209343
손현주,SON Hyun-ju,원균,,20209343
김성규,KIM Sung-kyu,준사,,20209343
김성균,KIM Sung-kyun,가토,,20209343
김향기,KIM Hyang-gi,보름,,20209343
옥택연,OK Taec-yeon,임준영,,20209343
공명,GONG Myoung,이억기,,20209343
박지환,PARK Ji-hwan,나대용,,20209343
조재윤,JO Jae-yun,마나베 사마노조,,20209343
윤제문,YOON Je-moon,구로다 칸베에,,20209343
박훈,,이운룡,,20209343
윤진영,YOON Jin-young,송희립,,20209343
김강일,KIM Kang-il,구키 요시타카,,20209343
박재민,PARK Jae-min,와타나베 사치에몬,,20209343
이서준,LEE Seo-jun,사헤에,,20209343
김민재,KIM Min-jae,이언량,,20209343
김재영,KIM Jae-young,정운,,20209343
김구택,KIM Gu-taek,김완,,20209343
손경원,SON Kyoung-won,신호,,20209343
안성봉,AHN Seong-bong,권준,,20209343
이운산,LEE Woon-san,이기남,,20209343
김영웅,KIM Young-woong,정담,,20209343
공정환,GONG Jung-hwan,고바야카와 다카카케,,20209343
배현성,BAE Hyeon-seong,김천손,,20209343
김대명,,이영남,,20209343
정예훈,,이봉수,,20209343
김한민,KIM Han-min,권율,,20209343
김기호,,사헤에첩보대1(사헤에부장),,20209343
김기환,,고문받는 왜군포로,,20209343
강신구,,고바야카와 전령,,20209343
김영탁,,여진족장,,20209343
김공,,어영담부장,,20209343
이재한,,와키자카패잔병,,20209343
정제우,,와키자카부장1,,20209343
정연,,와키자카부장2,,20209343
윤대열,,마나베부장1,,20209343
김리우,,와타나베부장,,20209343
김현태,Hyun-tae Kim,의병1,,20209343
현봉식,HYUN Bong-sik,이광,,20209343
김범석,,이운룡부장,,20209343
고한민,,안코쿠지,,20209343
문승배,MOON SEUNG BAE,이운룡탐망병1,,20209343
강덕중,KANG Deok-jung,이운룡탐망병2,,20209343
서상원,SEO Sang-won,권준부장,,20209343
김영찬,,노 공연자,,20209343
배명진,BAE Myung-jin,원균부장,,20209343
곽민호,KWAK Min-ho,권율부장,,20209343
정준화,,이억기부장,,20209343
황무영,,좌수영전령,,20209343
안태준,,사헤에첩보대2,,20209343
이의령,,조선통역군관,,20209343
안치욱,,일본중,,20209343
강병욱,,황진,,20209343
김호연,,보름어머니,,20209343
김태근,,보름아버지,,20209343
고기영,,세작1,,20209343
홍윤,,세작3,,20209343
박선교,,세작4,,20209343
김동훈,,세작5,,20209343
서세명,,사헤에첩보대3,,20209343
박형준,ParkHyungJun,사헤에첩보대4,,20209343
이진민,,사헤에첩보대5,,20209343
이규탁,,사헤에첩보대6,,20209343
남현우,NAMHYUNWOO,김완부장,,20209343
윤상원,,정운부장1,,20209343
이지운,,신호부장,,20209343
문바롬,,우치적,,20209343
김태희,,배흥립,,20209343
김동현,,이영남부장,,20209343
김우현,,정운격군장,,20209343
남상우,,원균격군장,,20209343
김현승,,김완격군장,,20209343
양동혁,,이순신격군장,,20209343
오누리,,기생1,,20209343
한봄,,기생2,,20209343
박재이,,기생3,,20209343
김진희,,기생4,,20209343
강리안,,기생5,,20209343
강보라,,기생7,,20209343
김지아,Kim Jia,기생8,,20209343
이다혜,,기생9,,20209343
김효주,KIM Hyo-joo,기생10,,20209343
한송희,,이순신시종아이,,20209343
한상경,,와키자카 부장3,,20209343
김진형,,와키자카 부장4,,20209343
오지훈,,와키자카 부장5,,20209343
이루겸,,사헤에 부장2,,20209343
최홍락,,사헤에첩보대7,,20209343
방병현,,준사 부관,,20209343
황성웅,,가토 부장1,,20209343
김이담,,가토 부장2,,20209343
김경태,,가토 부장3,,20209343
김건보,kim geon bo,가토 부장4,,20209343
이동빈,,가토 부장5,,20209343
유건기,,가토 부장6,,20209343
위민국,,고바야카와 부장2,,20209343
정동근,,준사 왜군포로1,,20209343
최돈학,,준사 왜군포로2,,20209343
권용덕,KWON Yong-duk,이순신 함대 부장1,,20209343
김용준,,이순신 함대 부장2,,20209343
김한솔,,이순신 함대 부장3,,20209343
김현우,,웅치전투 척후병1,,20209343
강성락,,웅치전투 척후병2,,20209343
이종욱,,정담부장,,20209343
윤상영,,이순신 기라졸1,,20209343
김영호,,이순신 기라졸2,,20209343
이건록,,세기부네부장,,20209343
장한솔,,전라좌수영 초병,,20209343
정현옥,,이순신 탐망병,,20209343
이단,,경상우수영 장수1,,20209343
백태민,,경상우수영 장수2,,20209343
현직,,세작6,,20209343
손대민,,원균 부장2,,20209343
김무섭,,원균 부장4,,20209343
한동국,,어영담 부장2,,20209343
황민혁,,어영담 부장3,,20209343
조현수,,이운룡 부장2,,20209343
김서준,,이운룡 부장3,,20209343
채강,,이억기 부장2,,20209343
엄기영,,정운 부장2,,20209343
손수호,,왜군 세키부네 부장1,,20209343
이상호,,왜군 세키부네 부장2,,20209343
민주호,,왜군 세키부네 부장3,,20209343
오창후,,왜군 세키부네 부장4,,20209343
김형석,,왜군 신호병,,20209343
구본혁,,왜경계병1,,20209343
우혁,,이순신 판옥선 화포장,,20209343
김명곤,KIM Myung-kon,도도 다카도라 ,,20209343
문숙,MUN suk,초계변씨(이순신 모) ,,20209343
이준혁,LEE Jun-hyeok,황박,,20209343
윤승훈,,기타단역,,20209343
박혜영,PARKHYEYOUNG,기생6,,20209343
허중회,,,,20209343
이보영,,세작2,,20209343
라미란,RA Mi-ran,주상숙,,20219628
김무열,GIM Mu-yeol,박희철,,20219628
윤경호,YUN Gyeong-ho,봉만식,,20219628
서현우,SEO Hyun-woo,조태주,,20219628
박진주,PARK Jin-ju,봉만순,,20219628
윤두준,YOON Du-jun,강연준,,20219628
김용림,KIM Yong-rim,시어머니,,20219628
신재휘,SHIN Jae-whi,고건식,,20219628
배해선,BAE Hae-sun,박권자,,20219628
성열석,SUNG Yul-suk,권자남편,,20219628
이진희,LEE Jin-hee,이연미,,20219628
장원형,ZANG Won-hyoung,남승호,,20219628
박주용,PARK Ju-yong,연구원,,20219628
임영우,LIM Young-woo,도시남,,20219628
신윤정,,신주무관,,20219628
김귀선,,강원도 부지사,,20219628
하성광,HA Sung-kwang,서울시장,,20219628
정영기,JEONG Young-ki,경기지사,,20219628
류경환,,도의원,,20219628
정예훈,,농정국장,,20219628
이혜라,,문화관광체육국장,,20219628
홍승균,,경제진흥국장,,20219628
한창현,HAN Chang-hyun,기획조정실장,,20219628
정혜경,,남애항기자,,20219628
한동호,,도청 기자,,20219628
김석영,,회견장 기자,,20219628
채수연,,회견장 수어통역사,,20219628
박선혜,,앵커우먼,,20219628
오재세,OH Jae-se,부산시장,,20219628
김아라,,북아나운서,,20219628
유형준,,연준수하2,,20219628
임태훈,,연준수하3,,20219628
정우혁,JUNG Woo-hyeok,반장,,20219628
유일한,,후이흥,,20219628
문규민,,신랑,,20219628
이재은,,신부,,20219628
강숙,,수간호사,,20219628
조용환,,해변사진기자,,20219628
변동욱,,주무관3,,20219628
홍인아,,주무관4,,20219628
김태율,,주무관5,,20219628
황우상,,위빌드 경비원,,20219628
유영복,,인천시장,,20219628
박재완,,울산시장,,20219628
오규택,,충남지사,,20219628
이은석,,요트 귀빈1,,20219628
차정민,,요트 귀빈2,,20219628
오윤수,oh yoon soo,서울비서실장,,20219628
이명자,,오지 어르신2,,20219628
이순풍,,도의회 의장,,20219628
임용순,LIM Yong-soon,도지사 선거후보1,,20219628
김동인,,도지사 선거후보2,,20219628
나호숙,NA Hosook,옥희 대역,,20219628
김지혜,,주상숙 대역,,20219628
임승묵,Seungmuk Lim,박희철 대역,,20219628
이태영,LEE Tae-young,강연준 대역,,20219628
유준상,YU Jun-sang,대통령,,20219628
김재화,KIM Jaehwa,림선희,,20219628
김지성,,김지성,,20219628
온주완,ON Ju-wan,김준영,,20219628
윤사봉,,윤사봉,,20219628
나문희,NA Moon-hee,김옥희,,20219628
이동찬,Lee Dong chan,노환자,,20219628
채강,,이억기 부장2,,20228532
엄기영,,정운 부장2,,20228532
손수호,,왜군 세키부네 부장1,,20228532
이상호,,왜군 세키부네 부장2,,20228532
민주호,,왜군 세키부네 부장3,,20228532
오창후,,왜군 세키부네 부장4,,20228532
김형석,,왜군 신호병,,20228532
구본혁,,왜경계병1,,20228532
우혁,,이순신 판옥선 화포장,,20228532
김명곤,KIM Myung-kon,도도 다카도라 ,,20228532
문숙,MUN suk,초계변씨(이순신 모) ,,20228532
이준혁,LEE Jun-hyeok,황박,,20228532
정준화,,이억기부장,,20228532
황무영,,좌수영전령,,20228532
안태준,,사헤에첩보대2,,20228532
이의령,,조선통역군관,,20228532
안치욱,,일본중,,20228532
강병욱,,황진,,20228532
김호연,,보름어머니,,20228532
김태근,,보름아버지,,20228532
고기영,,세작1,,20228532
홍윤,,세작3,,20228532
박선교,,세작4,,20228532
김동훈,,세작5,,20228532
서세명,,사헤에첩보대3,,20228532
박형준,ParkHyungJun,사헤에첩보대4,,20228532
이진민,,사헤에첩보대5,,20228532
이규탁,,사헤에첩보대6,,20228532
남현우,NAMHYUNWOO,김완부장,,20228532
윤상원,,정운부장1,,20228532
이지운,,신호부장,,20228532
문바롬,,우치적,,20228532
김태희,,배흥립,,20228532
김동현,,이영남부장,,20228532
김우현,,정운격군장,,20228532
남상우,,원균격군장,,20228532
김현승,,김완격군장,,20228532
양동혁,,이순신격군장,,20228532
오누리,,기생1,,20228532
한봄,,기생2,,20228532
박재이,,기생3,,20228532
김진희,,기생4,,20228532
강리안,,기생5,,20228532
강보라,,기생7,,20228532
김지아,Kim Jia,기생8,,20228532
이다혜,,기생9,,20228532
김효주,KIM Hyo-joo,기생10,,20228532
한송희,,이순신시종아이,,20228532
한상경,,와키자카 부장3,,20228532
김진형,,와키자카 부장4,,20228532
오지훈,,와키자카 부장5,,20228532
이루겸,,사헤에 부장2,,20228532
최홍락,,사헤에첩보대7,,20228532
방병현,,준사 부관,,20228532
황성웅,,가토 부장1,,20228532
김이담,,가토 부장2,,20228532
김경태,,가토 부장3,,20228532
김건보,kim geon bo,가토 부장4,,20228532
이동빈,,가토 부장5,,20228532
유건기,,가토 부장6,,20228532
위민국,,고바야카와 부장2,,20228532
정동근,,준사 왜군포로1,,20228532
최돈학,,준사 왜군포로2,,20228532
권용덕,KWON Yong-duk,이순신 함대 부장1,,20228532
김용준,,이순신 함대 부장2,,20228532
김한솔,,이순신 함대 부장3,,20228532
김현우,,웅치전투 척후병1,,20228532
강성락,,웅치전투 척후병2,,20228532
이종욱,,정담부장,,20228532
윤상영,,이순신 기라졸1,,20228532
김영호,,이순신 기라졸2,,20228532
이건록,,세기부네부장,,20228532
장한솔,,전라좌수영 초병,,20228532
정현옥,,이순신 탐망병,,20228532
이단,,경상우수영 장수1,,20228532
백태민,,경상우수영 장수2,,20228532
현직,,세작6,,20228532
손대민,,원균 부장2,,20228532
김무섭,,원균 부장4,,20228532
한동국,,어영담 부장2,,20228532
황민혁,,어영담 부장3,,20228532
조현수,,이운룡 부장2,,20228532
김서준,,이운룡 부장3,,20228532
윤승훈,,기타단역,,20228532
박혜영,PARKHYEYOUNG,기생6,,20228532
박해일,PARK Hae-il,이순신,,20228532
공지삵,KONG JI SARG,,,20228532
변요한,BYUN Yo-han,와키자카 야스하루,,20228532
안성기,AHN Sung-ki,어영담,,20228532
손현주,SON Hyun-ju,원균,,20228532
김성규,KIM Sung-kyu,준사,,20228532
김성균,KIM Sung-kyun,가토,,20228532
김향기,KIM Hyang-gi,보름,,20228532
옥택연,OK Taec-yeon,임준영,,20228532
공명,GONG Myoung,이억기,,20228532
박지환,PARK Ji-hwan,나대용,,20228532
조재윤,JO Jae-yun,마나베 사마노조,,20228532
윤제문,YOON Je-moon,구로다 칸베에,,20228532
박훈,,이운룡,,20228532
윤진영,YOON Jin-young,송희립,,20228532
김강일,KIM Kang-il,구키 요시타카,,20228532
박재민,PARK Jae-min,와타나베 사치에몬,,20228532
이서준,LEE Seo-jun,사헤에,,20228532
김민재,KIM Min-jae,이언량,,20228532
김재영,KIM Jae-young,정운,,20228532
김구택,KIM Gu-taek,김완,,20228532
손경원,SON Kyoung-won,신호,,20228532
안성봉,AHN Seong-bong,권준,,20228532
이운산,LEE Woon-san,이기남,,20228532
김영웅,KIM Young-woong,정담,,20228532
공정환,GONG Jung-hwan,고바야카와 다카카케,,20228532
배현성,BAE Hyeon-seong,김천손,,20228532
김대명,,이영남,,20228532
정예훈,,이봉수,,20228532
김한민,KIM Han-min,권율,,20228532
김기호,,사헤에첩보대1(사헤에부장),,20228532
김기환,,고문받는 왜군포로,,20228532
강신구,,고바야카와 전령,,20228532
김영탁,,여진족장,,20228532
김공,,어영담부장,,20228532
이재한,,와키자카패잔병,,20228532
정제우,,와키자카부장1,,20228532
정연,,와키자카부장2,,20228532
윤대열,,마나베부장1,,20228532
김리우,,와타나베부장,,20228532
김현태,Hyun-tae Kim,의병1,,20228532
현봉식,HYUN Bong-sik,이광,,20228532
김범석,,이운룡부장,,20228532
고한민,,안코쿠지,,20228532
문승배,MOON SEUNG BAE,이운룡탐망병1,,20228532
강덕중,KANG Deok-jung,이운룡탐망병2,,20228532
서상원,SEO Sang-won,권준부장,,20228532
김영찬,,노 공연자,,20228532
배명진,BAE Myung-jin,원균부장,,20228532
곽민호,KWAK Min-ho,권율부장,,20228532
김기현,,마나베부장2,,20228532
백경선,,,,20228532
조재현,,,,20228532
이시안,,,,20228532
문종호,,,,20228532
박인국,,,,20228532
이시엽,,,,20228532
구자건,,,,20228532
이종섭,,,,20228532
하영진,,,,20228532
왕호영,,,,20228532
이상백,,,,20228532
이보영,,세작2,,20228532
마동석,Don LEE,강대국,,20205106
도희원,Do Hee Won,강남남녀,,20205106
정경호,CHUNG Kyung-ho,박지우,,20205106
오나라,OH Na-ra,오미정,,20205106
최병모,CHOI Byung-mo,조태천,,20205106
오연서,OH Yeon-seo,,,20205106
류승수,RYU Seung-soo,장원장,,20205106
임형준,LIM Hyung-jun,임형준,,20205106
나광훈,,왕회장,,20205106
길해연,GIL Hae-yeon,김회장	,,20205106
차우진,CHA Woo-jin,오형사,,20205106
김찬형,,박형사,,20205106
한보름,HAN Bo-reum,한비,,20205106
김서연,,두비,,20205106
남미정,,민기천	,,20205106
박지훈,,김실장,,20205106
장명진,,지우병원 직원1,,20205106
조용근,,지우병원 직원2,,20205106
정지소,JEONG Ji-so,유리,,20205106
진선규,JIN Sun-kyu,브로커	,,20205106
김숙,,김  숙,,20205106
오희준,OH Hee-jun,발렛남,,20205106
이재성,LeeJaeSeong,사채업자2,,20205106
송진희,jin hee  Song,뉴스기자,,20205106
최형욱,,지우병원 의사1,,20205106
김영미,,여지배인 역,,20205106
서준영,SEO Jun-young,신황제,,20208051
송민경,,주서연,,20208051
금광산,,마성원,,20208051
남승민,NAM Seung-min,조태화,,20208051
박태진,PARK Tae-jin,송추식,,20208051
한창헌,,영환,,20208051
유문치,,진호,,20208051
김세희,,안소영,,20208051
이서현,,송송이,,20208051
이현아,,김말숙,,20208051
한민하,,이보미,,20208051
오지성,,조직원1,,20208051
김종주,,조직원2,,20208051
박원호,,조직원3,,20208051
윤준호,,화양리파1,,20208051
황성웅,,화양리파2,,20208051
오정환,,강간미수남,,20208051
노경덕,,창식,,20208051
김지호,,친구1,,20208051
서세명,,주철호,,20208051
이상진,,편의점 알바,,20208051
윤진슬,,보도방 경리,,20208051
김래원,KIM Rae-won,강도영,,20217905
채시은,Chae Si Eun,여교사1,teacher1,20217905
임병훈,YIM Byung-hun,경계팀원2역,,20217905
정상훈,JEONG Sang-hun,오대오,,20217905
이종석,LEE Jong-suk,전태성,,20217905
박병은,PARK Byung-eun,차영한,,20217905
이상희,,장유정,,20217905
김정우,,이팀장,,20217905
나현우,,성우,,20217905
박성훈,,이전무,,20217905
조인우,,대우,,20217905
이종욱,,이준위,,20217905
박진수,,국방부장관,,20217905
신윤주,,강설영,,20217905
조달환,CHO Dal-hwan,노상사,,20217905
우지현,WOO Ji-hyeon,김유택,,20217905
노성은,,조리장,,20217905
이승훈,,김중위,,20217905
윤정열,,함장,,20217905
김건,,전탐사,,20217905
장세원,,기관승조원1,,20217905
안태환,,기관승조원2,,20217905
류시안,,기관승조원3,,20217905
명홍진,,기관장,,20217905
한민엽,Minyeop Han,김소위,,20217905
권동호,,차중위,,20217905
김진환,Kim jinhwan,조타수1,,20217905
위민국,,조타수2,,20217905
김호준,,숙소승조원1,,20217905
손윤환,sonyoonhan,숙소승조원2,,20217905
오동훈,,승조원1,,20217905
김창헌,,승조원2,,20217905
이한주,Lee Han ju,승조원3,,20217905
손승범,,승조원4,,20217905
이화영,,승조원5,,20217905
한기찬,,승조원6,,20217905
정원석,,승조원7,,20217905
김이준,,승조원8,,20217905
신영찬,,승조원9,,20217905
성백인,,승조원10,,20217905
김동훈,kimdonghoon,승조원11,,20217905
김동연,,승조원12,,20217905
류필립,,승조원13,,20217905
정율건,,승조원14,,20217905
장용희,,승조원15,,20217905
이영훈,,승조원16,,20217905
박수현,,승조원17,,20217905
조강혁,,승조원18,,20217905
장민수,,승조원19,,20217905
이후림,,"승조원20, 한남자",,20217905
이재준,,오병구,,20217905
차은우,,전태룡,,20217905
이민기,LEE Min-ki,황대위,,20217905
김슬기,KIM Seul-ki,한미녀,,20217905
강경헌,KANG Kyung-heun,주임,,20217905
차정환,,국방부장관비서,,20217905
최미라,CHOI Mi-ra,황대위아내,,20217905
한상경,,영만,,20217905
김태훈,,수영,,20217905
유민석,,만수,,20217905
이승준,,해군작전사령관,,20217905
정우혁,JUNG Woo-hyeok,해군참모총장,,20217905
한창현,HAN Chang-hyun,국방과학연구소장,,20217905
고태영,,전부장,,20217905
김현동,,김대리,,20217905
윤지희,,애엄마,,20217905
윤현길,YOON Hyun-gil,축구협회회장 아내,,20217905
손광익,SON Kwang-ik,부산시의원,,20217905
박지원,,시의원 아내,,20217905
서지원,,VIP 남자,,20217905
최현주,,김유택아내,,20217905
임서영,,한미녀 동료1,,20217905
이현하,,한미녀 동료2,,20217905
손서영,,한미녀 동료3,,20217905
이정준,,생도1,,20217905
안다정,AN Da-jung,간호사,,20217905
감승민,KAM Seung-min,상담의사,,20217905
윤기창,YOON Ki-chang,창문여는 남자,,20217905
원시현,,전태성스러운 여자,,20217905
김하랑,,여자1,,20217905
설윤지,,여자2,,20217905
정현지,,여자3,,20217905
이윤호,,기자1,,20217905
차재현,,기자2,,20217905
최윤빈,,EOD요원1,,20217905
임병택,,EOD요원2,,20217905
정현옥,,EOD요원3,,20217905
형영선,HYUNG Young-sun,합참의장,,20217905
정재훈,,경계팀대장,,20217905
조한결,,경계팀원1,,20217905
김장원,,의사,,20217905
이나민,,특실간호사1,,20217905
오은지,OH Eun-ji,종업원,,20217905
전한나,,축구장응원녀,,20217905
전아희,,여교사2,,20217905
윤재형,,축구장경비1,,20217905
김진우,,축구장경비2,,20217905
신치영,SHIN Chi-young,형사2,,20217905
정다온,,숙소승조원3,,20217905
이학주,LEE HAK JU,취사병,Cook,20217826
고경표,GO Kyoung-pyo,박천우,,20217826
이이경,YI Yi-kyung,리용호,,20217826
음문석,UM Mun-suk,강은표,,20217826
박세완,PARK Se-wan,리연희,,20217826
이순원,,최승일,,20217826
곽동연,GWAK Dong-yeon,김만철,,20217826
김민호,,방철진,,20217826
류승수,RYU Seung-soo,보급관,,20217826
윤병희,,김광철,,20217826
이준혁,LEE Jun-hyeok,대대장,,20217826
신원호,,신병,,20217826
남도윤,,최영철,,20217826
서정우,,하중사,,20217826
최민혁,,고참병,,20217826
배한솔,,남한병사1,,20217826
정상철,,남한병사2,,20217826
강길준,,남한병사3,,20217826
김건우,,남한병사4,,20217826
김슬민,,남한병사5,,20217826
오병곤,,남한병사6,,20217826
윤지용,,남한병사7,,20217826
박치우,,구급차운전병,,20217826
이학주,LEE Hak-joo,취사병,,20217826
김관모,,남한군 부관,,20217826
홍민기,,남한군들,,20217826
김민규,,남한군들,,20217826
김백겸,,남한군들,,20217826
문경민,,남한군들,,20217826
박혁진,,남한군들,,20217826
유병수,,남한군들,,20217826
이태경,,남한군들,,20217826
윤지홍,,북한 선임군인,,20217826
손경표,,북한병사1,,20217826
강운,,북한병사2,,20217826
최현태,,북한병사3,,20217826
서한돌,,북한군 부관,,20217826
이동환,,북한 트럭운전병,,20217826
구본혁,,북한군들,,20217826
김진형,,북한군들,,20217826
송호제,,북한군들,,20217826
신문선,,북한군들,,20217826
이건록,,북한군들,,20217826
이동기,,북한군들,,20217826
이수,,북한군들,,20217826
이시안,,북한군들,,20217826
이지운,,북한군들,,20217826
정시훈,,북한군들,,20217826
채원우,,북한군들,,20217826
최기표,,북한군들,,20217826
황민혁,,북한군들,,20217826
황태훈,,북한군들,,20217826
최원,,소금구이집 손님1,,20217826
서지원,,소금구이집 손님2,,20217826
오혜금,,이벤트걸1,,20217826
편한마음,,이벤트걸2,,20217826
김재민,,이벤트남,,20217826
이종훈,,청원경찰,,20217826
조미초,,소금구이집 식당 할머니,,20217826
이예진,,SNS 여학생,,20217826
정인기,JUNG In-gi,리용호부,,20217826
박희진,PARK Hee-jin,여사장,,20217826
이현걸,,로또 브로커,,20217826
오현수,oh hyeonsoo,칼국수 가게주인,,20217826
정용식,,북한군들,,20217826
류의현,,,,20224572
김지민,KIM Ji-min,,,20224572
강유석,KANG Yoo-seok,,,20224572
동현배,DONG Hyun-bae,,,20224572
곽민호,KWAK Min-ho,,,20224572
김동범,,,,20224572
윤지원,YOON Ji-won,,,20224572
변건우,,,,20224572
이승일,,,,20224572
양준,,,,20224572
차보미,,,,20224572
강현구,,,,20224572
최호진,Choi Ho-jin,,,20224572
신준영,SHIN Jun-young,,,20224572
정진수,,,,20224572
김대연,,,,20224572
정경호,JUNG Kyung-ho,,,20224572
남현우,NAMHYUNWOO,조직원1,,20224572
설경구,SUL Kyung-gu,,,20214823
이하늬,LEE Ha-nee,,,20214823
박소담,PARK So-dam,,,20214823
박해수,PARK Haesoo,,,20214823
서현우,SEO Hyun-woo,,,20214823
김동희,,,,20214823
김중희,,,,20214823
고인범,KO In-peom,,,20214823
조하석,CHO Ha-seok,,,20214823
서진원,SEO Jin-won,,,20214823
유경훈,,,,20214823
박상훈,PARK Sang-hoon,,,20214823
김명선,KIM Myung-sun,,,20214823
한우열,,,,20214823
윤정섭,,,,20214823
손경표,,,,20214823
김영택,KIM Young-taek,,,20214823
김형서,,,,20214823
박가영,Park Ga-young,,,20214823
금새록,KEUM Sae-rok,,,20214823
공대유,,,,20214823
김혜옥,KIM Hye-ok,,,20214823
김종수,KIM Jong-soo,,,20214823
이솜,E Som,,,20214823
이주영,LEE Joo-young,,,20214823
신현준,SHIN Hyun-joon,,,20211317
이문식,LEE Moon-sik,,,20211317
김민경,KIM Min-gyeong,,,20211317
이로운,LEE Ro-un,,,20211317
김병춘,KIM Byung-chun,,,20211317
홍은기,HONG Eun-ki,,,20211317
최성원,CHOI Sung-won,,,20211317
박재훈,PARK Jae-hun,,,20211317
이현걸,,,,20211317
이정민,LEE Jung-min,,,20211317
조영택,,,,20211317
조명행,,,,20211317
김동혁,,,,20211317
김희영,Kim Huiyeong,,,20211317
이규탁,,,,20211317
김림후,,,,20211317
김현섭,,,,20211317
공재민,,,,20211317
김동일,,,,20211317
김경탁,,,,20211317
이우신,,,,20211317
백승현,,,,20211317
권라희,,,,20211317
강진우,,,,20211317
이다령,,,,20211317
오재윤,,,,20211317
윤여성,,,,20211317
신현용,,,,20211317
이상헌,,,,20211317
신지연,,,,20211317
민경진,MIN Kyung-jin,,,20211317
이정민,,아편쟁이,,20211317
박성웅,PARK Sung-woong,나웅남/이정학,,20210544
최민수,CHOI Min-soo,이정식,,20210544
오달수,OH Dal-su,나복천,,20210544
염혜란,YEOM Hye-ran,장경숙,,20210544
윤제문,YOON Je-moon,오일곤,,20210544
이이경,YI Yi-kyung,말봉,,20210544
백지혜,,나라,,20210544
서동원,SEO Dong-won,성형사,,20210544
한다솔,,유형사,,20210544
정우성,JUNG Woo-sung,우두머리 멧돼지,,20210544
안일권,,건달,,20210544
김기천,KIM Ki-chun,파출소장,,20210544
변진수,,최경사,,20210544
최선자, ,배씨할머니,,20210544
양주호,YANG Zu-ho,용대리,,20210544
곽민호,KWAK Min-ho,고대리,,20210544
장덕출,,덕출,,20210544
김광식,,장대식,,20210544
김종구,KIM Jong-gu,경찰국장,,20210544
노기홍,,경찰간부2,,20210544
정규석,,형사3,,20210544
정기욱,,경찰1,,20210544
고덕원,,경찰2,,20210544
이서율,,경찰3,,20210544
박강토,,교통경찰,,20210544
양동혁,,반장,,20210544
오지영,,말봉엄마,,20210544
설도희,,상인1,,20210544
김미성,KIM Mi-seong,상인2,,20210544
이광훈,,마을주민1,,20210544
허진성,,마을주민2,,20210544
이성하,,숲속 사내2,,20210544
정현옥,,재소자,,20210544
전지학,,대학교수,,20210544
유병선,Yoo Byeongsun,야바위꾼,,20210544
김인석,,노인1,,20210544
이얀,LEE Yan,이정식 부하1,,20210544
하회정,,이정식 부하2,,20210544
한상경,,이정학 부하1,,20210544
전재현,,이정학 부하2,,20210544
강준규,GANG Jun-gyu,고딩8,,20210544
김대근,,이정식 부하6,,20210544
곽기훈,,이정식 부하7,,20210544
문웅기,,이정식 부하10,,20210544
류한종,,이정식 부하12,,20210544
이민교,,이정식 부하15,,20210544
양해준,,이정학 부하4,,20210544
박건주,,이정학 부하5,,20210544
소계원,,이정학 부하6,,20210544
장두경,,이정학 부하7,,20210544
송인준,,중국 사내5,,20210544
인선호,,중국 사내6,,20210544
문기환,,중국 사내9,,20210544
정우철,,중국 사내14,,20210544
장효준,,폐창고 사내3,,20210544
정유동,JOUNG You-dong,음주운전자1,,20210544
노일환,,음주운전자3,,20210544
홍기주,hong kijoo,중국 사내13,,20210544
서현우,SEO HYUN WOO,형사1,,20210544
